"Country Name","Country Code","Series Name","Series Code","1960 [YR1960]","1961 [YR1961]","1962 [YR1962]","1963 [YR1963]","1964 [YR1964]","1965 [YR1965]","1966 [YR1966]","1967 [YR1967]","1968 [YR1968]","1969 [YR1969]","1970 [YR1970]","1971 [YR1971]","1972 [YR1972]","1973 [YR1973]","1974 [YR1974]","1975 [YR1975]","1976 [YR1976]","1977 [YR1977]","1978 [YR1978]","1979 [YR1979]","1980 [YR1980]","1981 [YR1981]","1982 [YR1982]","1983 [YR1983]","1984 [YR1984]","1985 [YR1985]","1986 [YR1986]","1987 [YR1987]","1988 [YR1988]","1989 [YR1989]","1990 [YR1990]","1991 [YR1991]","1992 [YR1992]","1993 [YR1993]","1994 [YR1994]","1995 [YR1995]","1996 [YR1996]","1997 [YR1997]","1998 [YR1998]","1999 [YR1999]","2000 [YR2000]","2001 [YR2001]","2002 [YR2002]","2003 [YR2003]","2004 [YR2004]","2005 [YR2005]","2006 [YR2006]","2007 [YR2007]","2008 [YR2008]","2009 [YR2009]","2010 [YR2010]","2011 [YR2011]","2012 [YR2012]","2013 [YR2013]","2014 [YR2014]","2015 [YR2015]","2016 [YR2016]","2017 [YR2017]","2018 [YR2018]","2019 [YR2019]"
"Afghanistan","AFG","Tariff rate, applied, simple mean, all products (%)","TM.TAX.MRCH.SM.AR.ZS",NA,NA,NA,NA,NA,NA,NA,NA,NA,NA,NA,NA,NA,NA,NA,NA,NA,NA,NA,NA,NA,NA,NA,NA,NA,NA,NA,NA,NA,NA,NA,NA,NA,NA,NA,NA,NA,NA,NA,NA,NA,NA,NA,NA,3.86,NA,6.16,6.18,6.47,NA,NA,NA,6.95,6.95,NA,NA,NA,NA,8.38,NA
"Albania","ALB","Tariff rate, applied, simple mean, all products (%)","TM.TAX.MRCH.SM.AR.ZS",NA,NA,NA,NA,NA,NA,NA,NA,NA,NA,NA,NA,NA,NA,NA,NA,NA,NA,NA,NA,NA,NA,NA,NA,NA,NA,NA,NA,NA,NA,NA,NA,NA,NA,NA,NA,NA,16.85,NA,NA,11.74,11.7,8.39,8.19,7.3,6.34,6.35,5.67,2.44,5.71,5.78,2.15,1.65,1.67,1.25,1.24,1.44,1.22,1.47,NA
"Algeria","DZA","Tariff rate, applied, simple mean, all products (%)","TM.TAX.MRCH.SM.AR.ZS",NA,NA,NA,NA,NA,NA,NA,NA,NA,NA,NA,NA,NA,NA,NA,NA,NA,NA,NA,NA,NA,NA,NA,NA,NA,NA,NA,NA,NA,NA,NA,NA,NA,21.44,NA,NA,NA,24.73,24.03,NA,NA,22.07,19.01,18.36,NA,16.33,16.03,16.27,16.18,14.23,NA,NA,NA,NA,12.24,12.26,12.24,12.32,12.47,NA
"American Samoa","ASM","Tariff rate, applied, simple mean, all products (%)","TM.TAX.MRCH.SM.AR.ZS",NA,NA,NA,NA,NA,NA,NA,NA,NA,NA,NA,NA,NA,NA,NA,NA,NA,NA,NA,NA,NA,NA,NA,NA,NA,NA,NA,NA,NA,NA,NA,NA,NA,NA,NA,NA,NA,NA,NA,NA,NA,NA,NA,NA,NA,NA,NA,NA,NA,NA,NA,NA,NA,NA,NA,NA,NA,NA,NA,NA
"Andorra","AND","Tariff rate, applied, simple mean, all products (%)","TM.TAX.MRCH.SM.AR.ZS",NA,NA,NA,NA,NA,NA,NA,NA,NA,NA,NA,NA,NA,NA,NA,NA,NA,NA,NA,NA,NA,NA,NA,NA,NA,NA,NA,NA,NA,NA,NA,NA,NA,NA,NA,NA,NA,NA,NA,NA,NA,NA,NA,NA,NA,NA,NA,NA,NA,NA,NA,NA,NA,NA,NA,NA,NA,NA,NA,NA
"Angola","AGO","Tariff rate, applied, simple mean, all products (%)","TM.TAX.MRCH.SM.AR.ZS",NA,NA,NA,NA,NA,NA,NA,NA,NA,NA,NA,NA,NA,NA,NA,NA,NA,NA,NA,NA,NA,NA,NA,NA,NA,NA,NA,NA,NA,NA,NA,NA,NA,NA,NA,NA,NA,NA,NA,NA,NA,NA,8.21,NA,8.19,7.98,7.98,NA,7.81,7.77,7.91,7.84,7.73,7.7,11.19,10.91,10.9,NA,8.54,NA
"Antigua and Barbuda","ATG","Tariff rate, applied, simple mean, all products (%)","TM.TAX.MRCH.SM.AR.ZS",NA,NA,NA,NA,NA,NA,NA,NA,NA,NA,NA,NA,NA,NA,NA,NA,NA,NA,NA,NA,NA,NA,NA,NA,NA,NA,NA,NA,NA,NA,NA,NA,NA,NA,NA,NA,22.82,NA,NA,19.58,16.35,13.55,13.55,13.97,13.93,13.93,11.43,11.61,11.93,13.92,14.47,14.47,12.71,12.51,12.32,12.38,12.3,11.64,12.23,NA
"Argentina","ARG","Tariff rate, applied, simple mean, all products (%)","TM.TAX.MRCH.SM.AR.ZS",NA,NA,NA,NA,NA,NA,NA,NA,NA,NA,NA,NA,NA,NA,NA,NA,NA,NA,NA,NA,NA,NA,NA,NA,NA,NA,NA,NA,NA,NA,NA,NA,14.18,13.15,NA,12.7,14.45,14.44,16.73,15.17,15.22,13.23,14.78,14.73,11.85,10.6,10.62,11.49,11.16,11.65,11.47,11.35,11.17,12.17,12.58,12.48,12.58,12.73,12.47,NA
"Armenia","ARM","Tariff rate, applied, simple mean, all products (%)","TM.TAX.MRCH.SM.AR.ZS",NA,NA,NA,NA,NA,NA,NA,NA,NA,NA,NA,NA,NA,NA,NA,NA,NA,NA,NA,NA,NA,NA,NA,NA,NA,NA,NA,NA,NA,NA,NA,NA,NA,NA,NA,NA,NA,NA,NA,NA,NA,3.26,NA,3.65,3.85,3.85,3.59,3.92,3.69,4.17,4.21,4.27,4.69,4.63,4.6,6.36,4.92,4.6,NA,NA
"Aruba","ABW","Tariff rate, applied, simple mean, all products (%)","TM.TAX.MRCH.SM.AR.ZS",NA,NA,NA,NA,NA,NA,NA,NA,NA,NA,NA,NA,NA,NA,NA,NA,NA,NA,NA,NA,NA,NA,NA,NA,NA,NA,NA,NA,NA,NA,NA,NA,NA,NA,NA,NA,NA,NA,NA,NA,NA,NA,NA,NA,NA,NA,NA,NA,NA,NA,NA,10.2,10.13,10.16,NA,9.77,10.27,9.99,10.01,NA
"Australia","AUS","Tariff rate, applied, simple mean, all products (%)","TM.TAX.MRCH.SM.AR.ZS",NA,NA,NA,NA,NA,NA,NA,NA,NA,NA,NA,NA,NA,NA,NA,NA,NA,NA,NA,NA,NA,NA,NA,NA,NA,NA,NA,NA,NA,NA,NA,20.1,NA,9.67,NA,NA,7.75,7.63,6.99,6.74,6.55,5.37,5.1,5.12,5.19,4.27,3.83,3.91,4.06,4.05,2.85,2.8,2.76,2.77,2.84,2.5,2.3,2.23,2.22,NA
"Austria","AUT","Tariff rate, applied, simple mean, all products (%)","TM.TAX.MRCH.SM.AR.ZS",NA,NA,NA,NA,NA,NA,NA,NA,NA,NA,NA,NA,NA,NA,NA,NA,NA,NA,NA,NA,NA,NA,NA,NA,NA,NA,NA,NA,3.14,3.49,6.01,4.71,3.88,3.54,4.21,5.73,4.22,3.47,3.9,4.31,3.17,4.22,2.45,2.43,2.5,2.54,2.58,2.36,2.18,2.24,2.47,2.12,2.13,2.09,2.58,2.61,2.48,2.35,2.35,NA
"Azerbaijan","AZE","Tariff rate, applied, simple mean, all products (%)","TM.TAX.MRCH.SM.AR.ZS",NA,NA,NA,NA,NA,NA,NA,NA,NA,NA,NA,NA,NA,NA,NA,NA,NA,NA,NA,NA,NA,NA,NA,NA,NA,NA,NA,NA,NA,NA,NA,NA,NA,NA,NA,NA,NA,NA,NA,NA,NA,NA,11.47,NA,NA,11.83,NA,9.37,8.26,9.31,NA,8.78,9.21,9.05,9.46,8.52,NA,NA,NA,NA
"Bahamas, The","BHS","Tariff rate, applied, simple mean, all products (%)","TM.TAX.MRCH.SM.AR.ZS",NA,NA,NA,NA,NA,NA,NA,NA,NA,NA,NA,NA,NA,NA,NA,NA,NA,NA,NA,NA,NA,NA,NA,NA,NA,NA,NA,NA,NA,NA,NA,NA,NA,NA,NA,NA,NA,NA,NA,29.91,NA,NA,28.99,NA,NA,NA,28.51,NA,NA,NA,33.36,33.17,NA,30.43,30.36,28.08,26.78,NA,23.66,NA
"Bahrain","BHR","Tariff rate, applied, simple mean, all products (%)","TM.TAX.MRCH.SM.AR.ZS",NA,NA,NA,NA,NA,NA,NA,NA,NA,NA,NA,NA,NA,NA,NA,NA,NA,NA,NA,NA,NA,NA,NA,NA,NA,NA,NA,NA,NA,NA,NA,NA,NA,NA,NA,NA,NA,NA,NA,8.47,8.45,8.42,5.48,5.41,5.41,4.53,4.49,4.17,4.12,4.34,5.22,4.27,4.27,4.06,3.75,3.59,3.6,4.08,3.36,NA
"Bangladesh","BGD","Tariff rate, applied, simple mean, all products (%)","TM.TAX.MRCH.SM.AR.ZS",NA,NA,NA,NA,NA,NA,NA,NA,NA,NA,NA,NA,NA,NA,NA,NA,NA,NA,NA,NA,NA,NA,NA,NA,NA,NA,NA,NA,NA,105.36,NA,NA,NA,NA,84.9,NA,NA,NA,27.52,22.31,22.23,20.87,21.01,19.56,18.26,15.37,15.21,14.27,13.75,14.05,13.88,13.8,13.53,12.86,NA,11.97,12.96,NA,NA,NA
"Barbados","BRB","Tariff rate, applied, simple mean, all products (%)","TM.TAX.MRCH.SM.AR.ZS",NA,NA,NA,NA,NA,NA,NA,NA,NA,NA,NA,NA,NA,NA,NA,NA,NA,NA,NA,NA,NA,NA,NA,NA,NA,NA,NA,NA,NA,NA,NA,NA,NA,NA,NA,NA,24.21,NA,NA,21.21,21.23,16.3,16.22,16.43,15.93,NA,15,15.13,NA,NA,13.81,13.78,12.04,12.55,NA,NA,NA,NA,NA,NA
"Belarus","BLR","Tariff rate, applied, simple mean, all products (%)","TM.TAX.MRCH.SM.AR.ZS",NA,NA,NA,NA,NA,NA,NA,NA,NA,NA,NA,NA,NA,NA,NA,NA,NA,NA,NA,NA,NA,NA,NA,NA,NA,NA,NA,NA,NA,NA,NA,NA,NA,NA,NA,NA,11.99,12.81,NA,NA,10.63,10.52,11.49,NA,NA,NA,NA,NA,9.26,9.25,7.52,7.55,7.5,7.45,6.73,6.02,5.04,4.92,5.14,NA
"Belgium","BEL","Tariff rate, applied, simple mean, all products (%)","TM.TAX.MRCH.SM.AR.ZS",NA,NA,NA,NA,NA,NA,NA,NA,NA,NA,NA,NA,NA,NA,NA,NA,NA,NA,NA,NA,NA,NA,NA,NA,NA,NA,NA,NA,3.14,3.49,6.01,4.71,3.88,3.54,4.21,5.73,4.22,3.47,3.9,4.31,3.17,4.22,2.45,2.43,2.5,2.54,2.58,2.36,2.18,2.24,2.47,2.12,2.13,2.09,2.58,2.61,2.48,2.35,2.35,NA
"Belize","BLZ","Tariff rate, applied, simple mean, all products (%)","TM.TAX.MRCH.SM.AR.ZS",NA,NA,NA,NA,NA,NA,NA,NA,NA,NA,NA,NA,NA,NA,NA,NA,NA,NA,NA,NA,NA,NA,NA,NA,NA,NA,NA,NA,NA,NA,NA,NA,NA,NA,NA,NA,20.72,NA,NA,19.37,NA,12.75,12.99,12.85,NA,NA,11.78,11.6,11.73,12.54,12.57,11.64,11.23,11.49,11.49,11.4,10.97,11.09,10.87,NA
"Benin","BEN","Tariff rate, applied, simple mean, all products (%)","TM.TAX.MRCH.SM.AR.ZS",NA,NA,NA,NA,NA,NA,NA,NA,NA,NA,NA,NA,NA,NA,NA,NA,NA,NA,NA,NA,NA,NA,NA,NA,NA,NA,NA,NA,NA,NA,NA,NA,NA,NA,NA,NA,NA,NA,NA,NA,NA,14.27,14.25,14.49,14.5,14.49,13.52,12.83,12.83,12.83,12.83,13.09,13.09,13.1,12.96,10.91,10.58,13.63,13.42,NA
"Bermuda","BMU","Tariff rate, applied, simple mean, all products (%)","TM.TAX.MRCH.SM.AR.ZS",NA,NA,NA,NA,NA,NA,NA,NA,NA,NA,NA,NA,NA,NA,NA,NA,NA,NA,NA,NA,NA,NA,NA,NA,NA,NA,NA,NA,NA,NA,NA,NA,NA,NA,NA,NA,NA,NA,NA,NA,NA,NA,NA,NA,NA,NA,NA,19.34,19.16,19.15,18.92,18.92,18.4,18.32,18.15,18.7,18.45,19.9,24.13,NA
"Bhutan","BTN","Tariff rate, applied, simple mean, all products (%)","TM.TAX.MRCH.SM.AR.ZS",NA,NA,NA,NA,NA,NA,NA,NA,NA,NA,NA,NA,NA,NA,NA,NA,NA,NA,NA,NA,NA,NA,NA,NA,NA,NA,NA,NA,NA,NA,NA,NA,NA,NA,NA,NA,17.49,NA,NA,NA,NA,NA,17.71,NA,22.16,22.15,NA,11.1,NA,NA,NA,NA,NA,NA,NA,12.18,NA,NA,NA,NA
"Bolivia","BOL","Tariff rate, applied, simple mean, all products (%)","TM.TAX.MRCH.SM.AR.ZS",NA,NA,NA,NA,NA,NA,NA,NA,NA,NA,NA,NA,NA,NA,NA,NA,NA,NA,NA,NA,NA,NA,NA,NA,NA,NA,NA,NA,NA,NA,NA,NA,NA,9.73,9.96,9.67,9.61,9.61,9.6,9.51,9.23,9.27,9.87,9.08,7.76,7.19,6.48,6.21,6.22,7.5,9.76,9.09,9.29,9.93,10.04,10.05,10.05,10.33,9.95,NA
"Bosnia and Herzegovina","BIH","Tariff rate, applied, simple mean, all products (%)","TM.TAX.MRCH.SM.AR.ZS",NA,NA,NA,NA,NA,NA,NA,NA,NA,NA,NA,NA,NA,NA,NA,NA,NA,NA,NA,NA,NA,NA,NA,NA,NA,NA,NA,NA,NA,NA,NA,NA,NA,NA,NA,NA,NA,NA,NA,NA,NA,5.26,NA,NA,NA,NA,8.37,7.35,7.04,4.19,3.76,3.37,3.15,2.99,3.1,2.49,2.6,2.88,2.95,NA
"Botswana","BWA","Tariff rate, applied, simple mean, all products (%)","TM.TAX.MRCH.SM.AR.ZS",NA,NA,NA,NA,NA,NA,NA,NA,NA,NA,NA,NA,NA,NA,NA,NA,NA,NA,NA,NA,NA,NA,NA,NA,NA,NA,NA,NA,NA,NA,NA,NA,NA,NA,NA,NA,NA,NA,NA,NA,NA,7.15,7.94,NA,7.2,7.34,7.32,7.27,7.24,7.04,7.77,7.31,7.01,4.59,7.03,7.61,8.34,4.07,3.21,NA
"Brazil","BRA","Tariff rate, applied, simple mean, all products (%)","TM.TAX.MRCH.SM.AR.ZS",NA,NA,NA,NA,NA,NA,NA,NA,NA,NA,NA,NA,NA,NA,NA,NA,NA,NA,NA,NA,NA,NA,NA,NA,NA,NA,NA,NA,NA,42.92,33.5,27.53,23.45,15.73,14.46,13.23,14.8,14.42,17.15,15.89,16.7,15,14.73,14.39,13.18,12.29,12.1,12.15,13.08,13.32,13.34,13.47,13.75,14.81,13.74,13.66,13.56,13.41,13.46,NA
"British Virgin Islands","VGB","Tariff rate, applied, simple mean, all products (%)","TM.TAX.MRCH.SM.AR.ZS",NA,NA,NA,NA,NA,NA,NA,NA,NA,NA,NA,NA,NA,NA,NA,NA,NA,NA,NA,NA,NA,NA,NA,NA,NA,NA,NA,NA,NA,NA,NA,NA,NA,NA,NA,NA,NA,NA,NA,NA,NA,NA,NA,NA,NA,NA,NA,NA,NA,NA,NA,NA,NA,NA,NA,NA,NA,NA,NA,NA
"Brunei Darussalam","BRN","Tariff rate, applied, simple mean, all products (%)","TM.TAX.MRCH.SM.AR.ZS",NA,NA,NA,NA,NA,NA,NA,NA,NA,NA,NA,NA,NA,NA,NA,NA,NA,NA,NA,NA,NA,NA,NA,NA,NA,NA,NA,NA,NA,NA,NA,NA,2.94,NA,NA,NA,4.04,4.03,4.01,3.79,3.66,3.6,3.24,3.14,3.15,3.26,3.31,3.33,3.05,2.69,3.81,2.22,NA,NA,1.2,NA,1.21,0.15,0.16,NA
"Bulgaria","BGR","Tariff rate, applied, simple mean, all products (%)","TM.TAX.MRCH.SM.AR.ZS",NA,NA,NA,NA,NA,NA,NA,NA,NA,NA,NA,NA,NA,NA,NA,NA,NA,NA,NA,NA,NA,NA,NA,NA,NA,NA,NA,NA,3.14,3.49,6.01,4.71,3.88,3.54,4.21,5.73,4.22,3.47,3.9,4.31,3.17,4.22,2.45,2.43,2.5,2.54,2.58,2.36,2.18,2.24,2.47,2.12,2.13,2.09,2.58,2.61,2.48,2.35,2.35,NA
"Burkina Faso","BFA","Tariff rate, applied, simple mean, all products (%)","TM.TAX.MRCH.SM.AR.ZS",NA,NA,NA,NA,NA,NA,NA,NA,NA,NA,NA,NA,NA,NA,NA,NA,NA,NA,NA,NA,NA,NA,NA,NA,NA,NA,NA,NA,NA,NA,NA,NA,NA,5,NA,NA,NA,NA,NA,NA,NA,13.39,13.35,13.56,13.56,13.45,12.52,12.38,12.38,12.38,12.29,12.32,12.33,12.33,12.25,10.43,10.88,12.41,12.17,NA
"Burundi","BDI","Tariff rate, applied, simple mean, all products (%)","TM.TAX.MRCH.SM.AR.ZS",NA,NA,NA,NA,NA,NA,NA,NA,NA,NA,NA,NA,NA,NA,NA,NA,NA,NA,NA,NA,NA,NA,NA,NA,NA,NA,NA,NA,NA,NA,NA,NA,NA,NA,NA,NA,NA,NA,NA,NA,NA,NA,21.9,22.02,NA,20.78,15.83,13.54,12.79,10.86,10.41,10.26,11.2,9.99,10.1,10.42,10.43,NA,11.24,NA
"Cabo Verde","CPV","Tariff rate, applied, simple mean, all products (%)","TM.TAX.MRCH.SM.AR.ZS",NA,NA,NA,NA,NA,NA,NA,NA,NA,NA,NA,NA,NA,NA,NA,NA,NA,NA,NA,NA,NA,NA,NA,NA,NA,NA,NA,NA,NA,NA,NA,NA,NA,NA,NA,NA,NA,NA,NA,NA,NA,NA,NA,NA,NA,15.42,15.26,15.27,15.27,15.48,14.87,15.02,14.78,15.13,NA,14.82,NA,NA,NA,NA
"Cambodia","KHM","Tariff rate, applied, simple mean, all products (%)","TM.TAX.MRCH.SM.AR.ZS",NA,NA,NA,NA,NA,NA,NA,NA,NA,NA,NA,NA,NA,NA,NA,NA,NA,NA,NA,NA,NA,NA,NA,NA,NA,NA,NA,NA,NA,NA,NA,NA,NA,NA,NA,NA,NA,NA,NA,NA,NA,16.74,16.28,16.26,NA,14.09,13.73,12.42,12.36,NA,13.16,12.26,12.36,NA,8.04,NA,12.45,NA,NA,NA
"Cameroon","CMR","Tariff rate, applied, simple mean, all products (%)","TM.TAX.MRCH.SM.AR.ZS",NA,NA,NA,NA,NA,NA,NA,NA,NA,NA,NA,NA,NA,NA,NA,NA,NA,NA,NA,NA,NA,NA,NA,NA,NA,NA,NA,NA,NA,NA,NA,NA,NA,NA,18.45,18.1,NA,NA,NA,NA,NA,18.65,18.52,19.19,19.19,19.16,19.21,18.78,18.72,18.95,18.72,18.87,18.88,18.75,18.91,NA,NA,NA,NA,NA
"Canada","CAN","Tariff rate, applied, simple mean, all products (%)","TM.TAX.MRCH.SM.AR.ZS",NA,NA,NA,NA,NA,NA,NA,NA,NA,NA,NA,NA,NA,NA,NA,NA,NA,NA,NA,NA,NA,NA,NA,NA,NA,NA,NA,NA,NA,9.66,NA,NA,NA,8.92,NA,9.28,7.82,6.74,5.16,5.05,4.72,5.17,4.82,6.38,4.28,4.29,4.16,4.14,4.14,4.08,3.43,3.37,3.23,3.07,3.06,3.14,2.95,1.99,1.99,NA
"Cayman Islands","CYM","Tariff rate, applied, simple mean, all products (%)","TM.TAX.MRCH.SM.AR.ZS",NA,NA,NA,NA,NA,NA,NA,NA,NA,NA,NA,NA,NA,NA,NA,NA,NA,NA,NA,NA,NA,NA,NA,NA,NA,NA,NA,NA,NA,NA,NA,NA,NA,NA,NA,NA,NA,NA,NA,NA,NA,NA,NA,NA,NA,NA,NA,NA,NA,NA,NA,NA,NA,NA,NA,NA,23.03,NA,NA,NA
"Central African Republic","CAF","Tariff rate, applied, simple mean, all products (%)","TM.TAX.MRCH.SM.AR.ZS",NA,NA,NA,NA,NA,NA,NA,NA,NA,NA,NA,NA,NA,NA,NA,NA,NA,NA,NA,NA,NA,NA,NA,NA,NA,NA,NA,NA,NA,NA,NA,NA,NA,NA,NA,17.24,NA,17.47,NA,NA,NA,18.93,18.94,24.52,24.52,22.16,24.53,17.43,17.39,17.39,17.39,16.96,18.52,15.97,NA,15.99,15.99,15.99,NA,NA
"Chad","TCD","Tariff rate, applied, simple mean, all products (%)","TM.TAX.MRCH.SM.AR.ZS",NA,NA,NA,NA,NA,NA,NA,NA,NA,NA,NA,NA,NA,NA,NA,NA,NA,NA,NA,NA,NA,NA,NA,NA,NA,NA,NA,NA,NA,NA,NA,NA,NA,NA,NA,17.08,NA,17.08,NA,NA,NA,17.59,17.56,17.56,17.41,18.13,18.18,17.09,17.56,17.56,17.42,17.41,NA,17.71,NA,17.04,18.16,NA,NA,NA
"Channel Islands","CHI","Tariff rate, applied, simple mean, all products (%)","TM.TAX.MRCH.SM.AR.ZS",NA,NA,NA,NA,NA,NA,NA,NA,NA,NA,NA,NA,NA,NA,NA,NA,NA,NA,NA,NA,NA,NA,NA,NA,NA,NA,NA,NA,NA,NA,NA,NA,NA,NA,NA,NA,NA,NA,NA,NA,NA,NA,NA,NA,NA,NA,NA,NA,NA,NA,NA,NA,NA,NA,NA,NA,NA,NA,NA,NA
"Chile","CHL","Tariff rate, applied, simple mean, all products (%)","TM.TAX.MRCH.SM.AR.ZS",NA,NA,NA,NA,NA,NA,NA,NA,NA,NA,NA,NA,NA,NA,NA,NA,NA,NA,NA,NA,NA,NA,NA,NA,NA,NA,NA,NA,NA,NA,NA,NA,10.99,10.99,10.99,10.67,10.99,10.99,10.99,9.99,9,8,6.99,5.9,4.88,4.86,2.27,2.99,2.8,2.77,2.75,2.71,2.71,5.99,NA,1.17,5.99,1.04,1.05,NA
"China","CHN","Tariff rate, applied, simple mean, all products (%)","TM.TAX.MRCH.SM.AR.ZS",NA,NA,NA,NA,NA,NA,NA,NA,NA,NA,NA,NA,NA,NA,NA,NA,NA,NA,NA,NA,NA,NA,NA,NA,NA,NA,NA,NA,NA,NA,NA,NA,39.71,37.1,33.32,NA,22.02,16.66,17.08,16.34,16.4,15.39,12.15,10.69,9.81,9.24,8.89,8.93,8.7,8.09,8.09,8.13,NA,NA,7.74,7.82,7.88,8.46,7.56,NA
"Colombia","COL","Tariff rate, applied, simple mean, all products (%)","TM.TAX.MRCH.SM.AR.ZS",NA,NA,NA,NA,NA,NA,NA,NA,NA,NA,NA,NA,NA,NA,NA,NA,NA,NA,NA,NA,NA,NA,NA,NA,NA,NA,NA,NA,NA,NA,NA,5.98,12.02,NA,12.48,13.81,12.24,12.36,12.39,12.46,12.76,12.79,12.8,12.75,11.74,11.91,11.23,10.8,10.78,10.69,11.25,6.79,5.52,5.66,5.15,5,5.04,4.39,3.2,NA
"Comoros","COM","Tariff rate, applied, simple mean, all products (%)","TM.TAX.MRCH.SM.AR.ZS",NA,NA,NA,NA,NA,NA,NA,NA,NA,NA,NA,NA,NA,NA,NA,NA,NA,NA,NA,NA,NA,NA,NA,NA,NA,NA,NA,NA,NA,NA,NA,NA,NA,NA,NA,NA,NA,NA,NA,NA,NA,NA,NA,NA,NA,NA,NA,NA,8.88,NA,9.07,9.07,7.34,11.85,9.9,12,NA,10.8,12,NA
"Congo, Dem. Rep.","COD","Tariff rate, applied, simple mean, all products (%)","TM.TAX.MRCH.SM.AR.ZS",NA,NA,NA,NA,NA,NA,NA,NA,NA,NA,NA,NA,NA,NA,NA,NA,NA,NA,NA,NA,NA,NA,NA,NA,NA,NA,NA,NA,NA,NA,NA,NA,NA,NA,NA,NA,NA,NA,NA,NA,NA,NA,NA,13.14,NA,NA,13.05,12.94,12.92,12.9,11.87,NA,NA,NA,11.65,NA,NA,NA,NA,NA
"Congo, Rep.","COG","Tariff rate, applied, simple mean, all products (%)","TM.TAX.MRCH.SM.AR.ZS",NA,NA,NA,NA,NA,NA,NA,NA,NA,NA,NA,NA,NA,NA,NA,NA,NA,NA,NA,NA,NA,NA,NA,NA,NA,NA,NA,NA,NA,NA,NA,NA,NA,NA,20.49,NA,NA,17.41,NA,NA,NA,19.64,19.62,19.89,19.89,19.97,19.89,18.24,18.2,18.2,18.2,18.2,NA,18.51,18.44,12.91,NA,NA,NA,NA
"Costa Rica","CRI","Tariff rate, applied, simple mean, all products (%)","TM.TAX.MRCH.SM.AR.ZS",NA,NA,NA,NA,NA,NA,NA,NA,NA,NA,NA,NA,NA,NA,NA,NA,NA,NA,NA,NA,NA,NA,NA,NA,NA,NA,NA,NA,NA,NA,NA,NA,NA,NA,NA,9.7,11.67,8.08,6.41,5.75,5.02,6.04,7.03,6.18,6.34,6.98,6.14,6.04,5.9,4.54,4.53,4.54,4.4,4.34,4.19,NA,3.81,NA,3.47,NA
"Cote d'Ivoire","CIV","Tariff rate, applied, simple mean, all products (%)","TM.TAX.MRCH.SM.AR.ZS",NA,NA,NA,NA,NA,NA,NA,NA,NA,NA,NA,NA,NA,NA,NA,NA,NA,NA,NA,NA,NA,NA,NA,NA,NA,NA,NA,NA,NA,NA,NA,NA,NA,4.88,NA,NA,4.81,NA,NA,NA,NA,13.42,13.59,13.59,13.62,13.64,13.45,13.22,13.22,13.13,13.02,12.94,12.88,12.88,12.91,12.55,12.19,12.84,12.51,NA
"Croatia","HRV","Tariff rate, applied, simple mean, all products (%)","TM.TAX.MRCH.SM.AR.ZS",NA,NA,NA,NA,NA,NA,NA,NA,NA,NA,NA,NA,NA,NA,NA,NA,NA,NA,NA,NA,NA,NA,NA,NA,NA,NA,NA,NA,3.14,3.49,6.01,4.71,3.88,3.54,4.21,5.73,4.22,3.47,3.9,4.31,3.17,4.22,2.45,2.43,2.5,2.54,2.58,2.36,2.18,2.24,2.47,2.12,2.13,2.09,2.58,2.61,2.48,2.35,2.35,NA
"Cuba","CUB","Tariff rate, applied, simple mean, all products (%)","TM.TAX.MRCH.SM.AR.ZS",NA,NA,NA,NA,NA,NA,NA,NA,NA,NA,NA,NA,NA,NA,NA,NA,NA,NA,NA,NA,NA,NA,NA,NA,NA,NA,NA,NA,NA,NA,NA,NA,NA,13.75,NA,NA,12.03,11.96,12.03,11.91,11.82,12.09,11.9,12.13,11.33,11.12,11.11,11.13,11.04,10.7,10.58,10.63,10.65,10.27,NA,9.85,10.17,9.95,NA,NA
"Curacao","CUW","Tariff rate, applied, simple mean, all products (%)","TM.TAX.MRCH.SM.AR.ZS",NA,NA,NA,NA,NA,NA,NA,NA,NA,NA,NA,NA,NA,NA,NA,NA,NA,NA,NA,NA,NA,NA,NA,NA,NA,NA,NA,NA,NA,NA,NA,NA,NA,NA,NA,NA,NA,NA,NA,NA,NA,NA,NA,NA,NA,NA,NA,NA,NA,NA,NA,NA,NA,NA,NA,NA,NA,NA,NA,NA
"Cyprus","CYP","Tariff rate, applied, simple mean, all products (%)","TM.TAX.MRCH.SM.AR.ZS",NA,NA,NA,NA,NA,NA,NA,NA,NA,NA,NA,NA,NA,NA,NA,NA,NA,NA,NA,NA,NA,NA,NA,NA,NA,NA,NA,NA,3.14,3.49,6.01,4.71,3.88,3.54,4.21,5.73,4.22,3.47,3.9,4.31,3.17,4.22,2.45,2.43,2.5,2.54,2.58,2.36,2.18,2.24,2.47,2.12,2.13,2.09,2.58,2.61,2.48,2.35,2.35,NA
"Czech Republic","CZE","Tariff rate, applied, simple mean, all products (%)","TM.TAX.MRCH.SM.AR.ZS",NA,NA,NA,NA,NA,NA,NA,NA,NA,NA,NA,NA,NA,NA,NA,NA,NA,NA,NA,NA,NA,NA,NA,NA,NA,NA,NA,NA,3.14,3.49,6.01,4.71,3.88,3.54,4.21,5.73,4.22,3.47,3.9,4.31,3.17,4.22,2.45,2.43,2.5,2.54,2.58,2.36,2.18,2.24,2.47,2.12,2.13,2.09,2.58,2.61,2.48,2.35,2.35,NA
"Denmark","DNK","Tariff rate, applied, simple mean, all products (%)","TM.TAX.MRCH.SM.AR.ZS",NA,NA,NA,NA,NA,NA,NA,NA,NA,NA,NA,NA,NA,NA,NA,NA,NA,NA,NA,NA,NA,NA,NA,NA,NA,NA,NA,NA,3.14,3.49,6.01,4.71,3.88,3.54,4.21,5.73,4.22,3.47,3.9,4.31,3.17,4.22,2.45,2.43,2.5,2.54,2.58,2.36,2.18,2.24,2.47,2.12,2.13,2.09,2.58,2.61,2.48,2.35,2.35,NA
"Djibouti","DJI","Tariff rate, applied, simple mean, all products (%)","TM.TAX.MRCH.SM.AR.ZS",NA,NA,NA,NA,NA,NA,NA,NA,NA,NA,NA,NA,NA,NA,NA,NA,NA,NA,NA,NA,NA,NA,NA,NA,NA,NA,NA,NA,NA,NA,NA,NA,NA,NA,NA,NA,NA,NA,31.43,37.76,NA,NA,30.18,NA,NA,27.18,28.45,NA,NA,18.79,NA,19.27,19.27,NA,18.92,NA,NA,NA,NA,NA
"Dominica","DMA","Tariff rate, applied, simple mean, all products (%)","TM.TAX.MRCH.SM.AR.ZS",NA,NA,NA,NA,NA,NA,NA,NA,NA,NA,NA,NA,NA,NA,NA,NA,NA,NA,NA,NA,NA,NA,NA,NA,NA,NA,NA,NA,NA,NA,NA,NA,NA,NA,NA,NA,21.14,17.13,17.17,18.37,16.52,14.41,14.78,14.85,NA,NA,12.26,11.9,NA,NA,13.25,10.22,10.76,11.2,NA,13.87,10.76,10.43,NA,NA
"Dominican Republic","DOM","Tariff rate, applied, simple mean, all products (%)","TM.TAX.MRCH.SM.AR.ZS",NA,NA,NA,NA,NA,NA,NA,NA,NA,NA,NA,NA,NA,NA,NA,NA,NA,NA,NA,NA,NA,NA,NA,NA,NA,NA,NA,NA,NA,NA,NA,NA,NA,NA,NA,NA,10.23,15.73,10.23,10.23,20.21,10.31,10.77,10.84,10.8,10.33,9.61,7.68,9.01,NA,7.9,9.09,9.28,9.15,NA,7.93,7.49,6.32,6.33,NA
"Ecuador","ECU","Tariff rate, applied, simple mean, all products (%)","TM.TAX.MRCH.SM.AR.ZS",NA,NA,NA,NA,NA,NA,NA,NA,NA,NA,NA,NA,NA,NA,NA,NA,NA,NA,NA,NA,NA,NA,NA,NA,NA,NA,NA,NA,NA,NA,NA,NA,NA,9.29,11.91,12.48,11.72,11.45,11.89,13.62,11.71,12.03,12.02,11.85,11.6,11.82,9.82,10.03,9.02,7.99,9.15,7.44,7.27,NA,6.95,10.5,10.97,9.42,9.48,NA
"Egypt, Arab Rep.","EGY","Tariff rate, applied, simple mean, all products (%)","TM.TAX.MRCH.SM.AR.ZS",NA,NA,NA,NA,NA,NA,NA,NA,NA,NA,NA,NA,NA,NA,NA,NA,NA,NA,NA,NA,NA,NA,NA,NA,NA,NA,NA,NA,NA,NA,NA,NA,NA,NA,NA,24.53,NA,NA,19.68,25.08,25.09,25.1,40.91,23.41,17.53,14.23,16.92,14.63,12.5,12.19,10.99,10.33,9.8,9.27,7.85,7.52,8.08,10.14,9.57,NA
"El Salvador","SLV","Tariff rate, applied, simple mean, all products (%)","TM.TAX.MRCH.SM.AR.ZS",NA,NA,NA,NA,NA,NA,NA,NA,NA,NA,NA,NA,NA,NA,NA,NA,NA,NA,NA,NA,NA,NA,NA,NA,NA,NA,NA,NA,NA,NA,NA,NA,NA,NA,NA,10.04,8.71,8.1,5.94,7.03,7.38,7.47,5.76,7.21,5.99,6.68,5.04,5.05,3.82,3.73,5.03,5.18,4.1,4.29,4,3.83,NA,3.69,3.47,NA
"Equatorial Guinea","GNQ","Tariff rate, applied, simple mean, all products (%)","TM.TAX.MRCH.SM.AR.ZS",NA,NA,NA,NA,NA,NA,NA,NA,NA,NA,NA,NA,NA,NA,NA,NA,NA,NA,NA,NA,NA,NA,NA,NA,NA,NA,NA,NA,NA,NA,NA,NA,NA,NA,NA,NA,NA,NA,19.45,NA,NA,19.34,19.32,NA,NA,19.13,NA,18.65,NA,NA,NA,NA,NA,NA,NA,NA,NA,NA,NA,NA
"Eritrea","ERI","Tariff rate, applied, simple mean, all products (%)","TM.TAX.MRCH.SM.AR.ZS",NA,NA,NA,NA,NA,NA,NA,NA,NA,NA,NA,NA,NA,NA,NA,NA,NA,NA,NA,NA,NA,NA,NA,NA,NA,NA,NA,NA,NA,NA,NA,NA,NA,NA,NA,NA,NA,NA,NA,NA,NA,NA,10.1,NA,NA,NA,9.56,NA,NA,NA,NA,NA,NA,NA,NA,NA,NA,NA,NA,NA
"Estonia","EST","Tariff rate, applied, simple mean, all products (%)","TM.TAX.MRCH.SM.AR.ZS",NA,NA,NA,NA,NA,NA,NA,NA,NA,NA,NA,NA,NA,NA,NA,NA,NA,NA,NA,NA,NA,NA,NA,NA,NA,NA,NA,NA,3.14,3.49,6.01,4.71,3.88,3.54,4.21,5.73,4.22,3.47,3.9,4.31,3.17,4.22,2.45,2.43,2.5,2.54,2.58,2.36,2.18,2.24,2.47,2.12,2.13,2.09,2.58,2.61,2.48,2.35,2.35,NA
"Eswatini","SWZ","Tariff rate, applied, simple mean, all products (%)","TM.TAX.MRCH.SM.AR.ZS",NA,NA,NA,NA,NA,NA,NA,NA,NA,NA,NA,NA,NA,NA,NA,NA,NA,NA,NA,NA,NA,NA,NA,NA,NA,NA,NA,NA,NA,NA,NA,NA,NA,NA,NA,NA,NA,NA,NA,NA,NA,0.55,9.19,NA,11.21,12.08,10.31,11.14,11.72,11.3,10.48,11.86,8.53,3.62,3.84,4.68,4.4,2.98,2.08,NA
"Ethiopia","ETH","Tariff rate, applied, simple mean, all products (%)","TM.TAX.MRCH.SM.AR.ZS",NA,NA,NA,NA,NA,NA,NA,NA,NA,NA,NA,NA,NA,NA,NA,NA,NA,NA,NA,NA,NA,NA,NA,NA,NA,NA,NA,NA,NA,NA,NA,NA,NA,NA,NA,29.41,NA,NA,NA,NA,NA,19.51,19.65,NA,NA,NA,18.6,NA,18.18,18.24,18.19,18.22,18.15,NA,NA,17.87,NA,NA,17.83,NA
"Faroe Islands","FRO","Tariff rate, applied, simple mean, all products (%)","TM.TAX.MRCH.SM.AR.ZS",NA,NA,NA,NA,NA,NA,NA,NA,NA,NA,NA,NA,NA,NA,NA,NA,NA,NA,NA,NA,NA,NA,NA,NA,NA,NA,NA,NA,NA,NA,NA,NA,NA,NA,NA,NA,NA,NA,NA,NA,NA,NA,NA,NA,NA,NA,NA,NA,NA,NA,NA,NA,NA,NA,NA,NA,NA,NA,NA,NA
"Fiji","FJI","Tariff rate, applied, simple mean, all products (%)","TM.TAX.MRCH.SM.AR.ZS",NA,NA,NA,NA,NA,NA,NA,NA,NA,NA,NA,NA,NA,NA,NA,NA,NA,NA,NA,NA,NA,NA,NA,NA,NA,NA,NA,NA,NA,NA,NA,NA,NA,NA,NA,NA,NA,NA,NA,NA,NA,NA,NA,9.62,10.51,NA,11.05,11.57,13.33,13.43,13.97,17.76,14.16,14.36,NA,11.96,NA,14.19,15.57,NA
"Finland","FIN","Tariff rate, applied, simple mean, all products (%)","TM.TAX.MRCH.SM.AR.ZS",NA,NA,NA,NA,NA,NA,NA,NA,NA,NA,NA,NA,NA,NA,NA,NA,NA,NA,NA,NA,NA,NA,NA,NA,NA,NA,NA,NA,3.14,3.49,6.01,4.71,3.88,3.54,4.21,5.73,4.22,3.47,3.9,4.31,3.17,4.22,2.45,2.43,2.5,2.54,2.58,2.36,2.18,2.24,2.47,2.12,2.13,2.09,2.58,2.61,2.48,2.35,2.35,NA
"France","FRA","Tariff rate, applied, simple mean, all products (%)","TM.TAX.MRCH.SM.AR.ZS",NA,NA,NA,NA,NA,NA,NA,NA,NA,NA,NA,NA,NA,NA,NA,NA,NA,NA,NA,NA,NA,NA,NA,NA,NA,NA,NA,NA,3.14,3.49,6.01,4.71,3.88,3.54,4.21,5.73,4.22,3.47,3.9,4.31,3.17,4.22,2.45,2.43,2.5,2.54,2.58,2.36,2.18,2.24,2.47,2.12,2.13,2.09,2.58,2.61,2.48,2.35,2.35,NA
"French Polynesia","PYF","Tariff rate, applied, simple mean, all products (%)","TM.TAX.MRCH.SM.AR.ZS",NA,NA,NA,NA,NA,NA,NA,NA,NA,NA,NA,NA,NA,NA,NA,NA,NA,NA,NA,NA,NA,NA,NA,NA,NA,NA,NA,NA,NA,NA,NA,NA,NA,NA,NA,NA,NA,NA,NA,NA,NA,NA,NA,NA,NA,NA,NA,NA,6.82,6.82,NA,6.7,5.84,5.74,5.73,7.53,7.48,6.6,6.6,NA
"Gabon","GAB","Tariff rate, applied, simple mean, all products (%)","TM.TAX.MRCH.SM.AR.ZS",NA,NA,NA,NA,NA,NA,NA,NA,NA,NA,NA,NA,NA,NA,NA,NA,NA,NA,NA,NA,NA,NA,NA,NA,NA,NA,NA,NA,NA,NA,NA,NA,NA,NA,NA,20.29,NA,NA,19.85,NA,19.79,19.68,18.92,19.84,19.84,19.65,NA,18.71,18.73,18.48,18.51,18.57,18.58,18.6,NA,17.8,18.89,NA,NA,NA
"Gambia, The","GMB","Tariff rate, applied, simple mean, all products (%)","TM.TAX.MRCH.SM.AR.ZS",NA,NA,NA,NA,NA,NA,NA,NA,NA,NA,NA,NA,NA,NA,NA,NA,NA,NA,NA,NA,NA,NA,NA,NA,NA,NA,NA,NA,NA,NA,NA,NA,NA,NA,NA,NA,NA,NA,NA,NA,NA,NA,NA,13.82,NA,NA,NA,18.7,18.73,18.82,15.54,15.58,15.58,15.6,NA,NA,NA,NA,14.25,NA
"Georgia","GEO","Tariff rate, applied, simple mean, all products (%)","TM.TAX.MRCH.SM.AR.ZS",NA,NA,NA,NA,NA,NA,NA,NA,NA,NA,NA,NA,NA,NA,NA,NA,NA,NA,NA,NA,NA,NA,NA,NA,NA,NA,NA,NA,NA,NA,NA,NA,NA,NA,NA,NA,NA,NA,NA,9.86,NA,9.77,9.95,7.74,7.56,6.99,5.65,0.63,0.6,0.51,0.5,1.2,1.32,1.22,NA,0.43,1.23,NA,NA,NA
"Germany","DEU","Tariff rate, applied, simple mean, all products (%)","TM.TAX.MRCH.SM.AR.ZS",NA,NA,NA,NA,NA,NA,NA,NA,NA,NA,NA,NA,NA,NA,NA,NA,NA,NA,NA,NA,NA,NA,NA,NA,NA,NA,NA,NA,3.14,3.49,6.01,4.71,3.88,3.54,4.21,5.73,4.22,3.47,3.9,4.31,3.17,4.22,2.45,2.43,2.5,2.54,2.58,2.36,2.18,2.24,2.47,2.12,2.13,2.09,2.58,2.61,2.48,2.35,2.35,NA
"Ghana","GHA","Tariff rate, applied, simple mean, all products (%)","TM.TAX.MRCH.SM.AR.ZS",NA,NA,NA,NA,NA,NA,NA,NA,NA,NA,NA,NA,NA,NA,NA,NA,NA,NA,NA,NA,NA,NA,NA,NA,NA,NA,NA,NA,NA,NA,NA,NA,NA,13.64,NA,NA,NA,NA,NA,NA,14.26,12.52,12.52,12.52,NA,NA,NA,13.03,12.97,12.96,12.88,NA,NA,12.49,NA,NA,12.3,12.33,12.39,NA
"Gibraltar","GIB","Tariff rate, applied, simple mean, all products (%)","TM.TAX.MRCH.SM.AR.ZS",NA,NA,NA,NA,NA,NA,NA,NA,NA,NA,NA,NA,NA,NA,NA,NA,NA,NA,NA,NA,NA,NA,NA,NA,NA,NA,NA,NA,NA,NA,NA,NA,NA,NA,NA,NA,NA,NA,NA,NA,NA,NA,NA,NA,NA,NA,NA,NA,NA,NA,NA,NA,NA,NA,NA,NA,NA,NA,NA,NA
"Greece","GRC","Tariff rate, applied, simple mean, all products (%)","TM.TAX.MRCH.SM.AR.ZS",NA,NA,NA,NA,NA,NA,NA,NA,NA,NA,NA,NA,NA,NA,NA,NA,NA,NA,NA,NA,NA,NA,NA,NA,NA,NA,NA,NA,3.14,3.49,6.01,4.71,3.88,3.54,4.21,5.73,4.22,3.47,3.9,4.31,3.17,4.22,2.45,2.43,2.5,2.54,2.58,2.36,2.18,2.24,2.47,2.12,2.13,2.09,2.58,2.61,2.48,2.35,2.35,NA
"Greenland","GRL","Tariff rate, applied, simple mean, all products (%)","TM.TAX.MRCH.SM.AR.ZS",NA,NA,NA,NA,NA,NA,NA,NA,NA,NA,NA,NA,NA,NA,NA,NA,NA,NA,NA,NA,NA,NA,NA,NA,NA,NA,NA,NA,NA,NA,NA,NA,NA,NA,NA,NA,NA,NA,NA,NA,NA,NA,NA,NA,NA,NA,NA,NA,NA,NA,NA,NA,NA,NA,NA,NA,NA,NA,NA,NA
"Grenada","GRD","Tariff rate, applied, simple mean, all products (%)","TM.TAX.MRCH.SM.AR.ZS",NA,NA,NA,NA,NA,NA,NA,NA,NA,NA,NA,NA,NA,NA,NA,NA,NA,NA,NA,NA,NA,NA,NA,NA,NA,NA,NA,NA,NA,NA,NA,NA,NA,NA,NA,NA,21.37,NA,NA,18.57,12.79,18.46,12.99,12.89,NA,NA,10.58,10.53,10.61,NA,9.07,11.57,10.98,10.99,NA,11.23,10.81,NA,NA,NA
"Guam","GUM","Tariff rate, applied, simple mean, all products (%)","TM.TAX.MRCH.SM.AR.ZS",NA,NA,NA,NA,NA,NA,NA,NA,NA,NA,NA,NA,NA,NA,NA,NA,NA,NA,NA,NA,NA,NA,NA,NA,NA,NA,NA,NA,NA,NA,NA,NA,NA,NA,NA,NA,NA,NA,NA,NA,NA,NA,NA,NA,NA,NA,NA,NA,NA,NA,NA,NA,NA,NA,NA,NA,NA,NA,NA,NA
"Guatemala","GTM","Tariff rate, applied, simple mean, all products (%)","TM.TAX.MRCH.SM.AR.ZS",NA,NA,NA,NA,NA,NA,NA,NA,NA,NA,NA,NA,NA,NA,NA,NA,NA,NA,NA,NA,NA,NA,NA,NA,NA,NA,NA,NA,NA,NA,NA,NA,NA,NA,NA,9.68,NA,8.35,7.69,7.12,6.87,7.16,6.91,6.41,5.2,6.69,6.55,5.36,4.45,5.01,4.09,3.99,3.86,3.83,3.51,3.33,NA,NA,NA,NA
"Guinea","GIN","Tariff rate, applied, simple mean, all products (%)","TM.TAX.MRCH.SM.AR.ZS",NA,NA,NA,NA,NA,NA,NA,NA,NA,NA,NA,NA,NA,NA,NA,NA,NA,NA,NA,NA,NA,NA,NA,NA,NA,NA,NA,NA,NA,NA,NA,NA,NA,NA,NA,NA,NA,NA,6.24,NA,NA,NA,NA,NA,6.26,14.07,NA,NA,13.52,13.32,13.5,NA,13.52,NA,NA,NA,NA,13.26,13.08,NA
"Guinea-Bissau","GNB","Tariff rate, applied, simple mean, all products (%)","TM.TAX.MRCH.SM.AR.ZS",NA,NA,NA,NA,NA,NA,NA,NA,NA,NA,NA,NA,NA,NA,NA,NA,NA,NA,NA,NA,NA,NA,NA,NA,NA,NA,NA,NA,NA,NA,NA,NA,NA,NA,NA,NA,NA,NA,NA,NA,NA,15.34,15.34,13.98,14.23,14.03,13.08,13.92,13.49,13.26,13.23,13.16,13.36,13.92,13.39,NA,NA,14.44,14.3,NA
"Guyana","GUY","Tariff rate, applied, simple mean, all products (%)","TM.TAX.MRCH.SM.AR.ZS",NA,NA,NA,NA,NA,NA,NA,NA,NA,NA,NA,NA,NA,NA,NA,NA,NA,NA,NA,NA,NA,NA,NA,NA,NA,NA,NA,NA,NA,NA,NA,NA,NA,NA,NA,NA,21.17,NA,NA,18.5,18.58,12,12.07,12.07,NA,NA,11.38,12.36,10.35,11.92,10.25,9.76,9.74,10.63,NA,9.82,9.85,9.77,9.87,NA
"Haiti","HTI","Tariff rate, applied, simple mean, all products (%)","TM.TAX.MRCH.SM.AR.ZS",NA,NA,NA,NA,NA,NA,NA,NA,NA,NA,NA,NA,NA,NA,NA,NA,NA,NA,NA,NA,NA,NA,NA,NA,NA,NA,NA,NA,NA,NA,NA,NA,NA,NA,NA,NA,NA,NA,NA,NA,NA,3.08,3.29,NA,NA,NA,NA,3.15,3.03,3.34,7.13,6.48,2.87,6.21,6.21,5.97,6.33,NA,NA,NA
"Honduras","HND","Tariff rate, applied, simple mean, all products (%)","TM.TAX.MRCH.SM.AR.ZS",NA,NA,NA,NA,NA,NA,NA,NA,NA,NA,NA,NA,NA,NA,NA,NA,NA,NA,NA,NA,NA,NA,NA,NA,NA,NA,NA,NA,NA,NA,NA,NA,NA,NA,NA,9.59,7.21,9.23,8.04,7.96,8.1,7.84,6.69,6.67,5.54,6.69,6.56,5.4,4.73,6.55,6.53,6.51,6.38,6.36,NA,4.32,NA,NA,4.01,NA
"Hong Kong SAR, China","HKG","Tariff rate, applied, simple mean, all products (%)","TM.TAX.MRCH.SM.AR.ZS",NA,NA,NA,NA,NA,NA,NA,NA,NA,NA,NA,NA,NA,NA,NA,NA,NA,NA,NA,NA,NA,NA,NA,NA,NA,NA,NA,NA,0,NA,NA,NA,NA,NA,NA,NA,0,0,0,0,0,0,0,0,0,0,0,0,0,0,0,0,0,0,0,0,0,0,0,NA
"Hungary","HUN","Tariff rate, applied, simple mean, all products (%)","TM.TAX.MRCH.SM.AR.ZS",NA,NA,NA,NA,NA,NA,NA,NA,NA,NA,NA,NA,NA,NA,NA,NA,NA,NA,NA,NA,NA,NA,NA,NA,NA,NA,NA,NA,3.14,3.49,6.01,4.71,3.88,3.54,4.21,5.73,4.22,3.47,3.9,4.31,3.17,4.22,2.45,2.43,2.5,2.54,2.58,2.36,2.18,2.24,2.47,2.12,2.13,2.09,2.58,2.61,2.48,2.35,2.35,NA
"Iceland","ISL","Tariff rate, applied, simple mean, all products (%)","TM.TAX.MRCH.SM.AR.ZS",NA,NA,NA,NA,NA,NA,NA,NA,NA,NA,NA,NA,NA,NA,NA,NA,NA,NA,NA,NA,NA,NA,NA,NA,NA,NA,NA,NA,NA,NA,NA,NA,NA,3.6,NA,NA,5.06,NA,7.41,6.73,7.94,6.26,NA,7.32,7.09,7.59,3.86,3.95,3.55,2.79,2.55,2.59,2.6,2.6,2.46,2.22,1.71,1.29,NA,NA
"India","IND","Tariff rate, applied, simple mean, all products (%)","TM.TAX.MRCH.SM.AR.ZS",NA,NA,NA,NA,NA,NA,NA,NA,NA,NA,NA,NA,NA,NA,NA,NA,NA,NA,NA,NA,NA,NA,NA,NA,NA,NA,NA,NA,NA,NA,80.85,NA,56.02,NA,NA,NA,37,28.9,NA,32.4,33.4,31.79,28.79,25.63,28.57,16.5,13.86,14.66,9.98,10.28,8.88,10.56,10.71,10.59,NA,9.75,8.91,8.88,9.03,NA
"Indonesia","IDN","Tariff rate, applied, simple mean, all products (%)","TM.TAX.MRCH.SM.AR.ZS",NA,NA,NA,NA,NA,NA,NA,NA,NA,NA,NA,NA,NA,NA,NA,NA,NA,NA,NA,NA,NA,NA,NA,NA,NA,NA,NA,NA,NA,24.78,23.15,NA,NA,16.74,NA,14.01,10.76,20.57,7.93,9.86,8.02,6.13,6.28,5.74,5.81,5.78,5.82,5.57,6.84,4.96,5.18,5.3,5.43,5.37,NA,NA,6.31,5.86,6.25,NA
"Iran, Islamic Rep.","IRN","Tariff rate, applied, simple mean, all products (%)","TM.TAX.MRCH.SM.AR.ZS",NA,NA,NA,NA,NA,NA,NA,NA,NA,NA,NA,NA,NA,NA,NA,NA,NA,NA,NA,NA,NA,NA,NA,NA,NA,NA,NA,NA,NA,NA,NA,NA,NA,NA,NA,NA,NA,NA,NA,NA,37.47,NA,NA,19.03,18.73,NA,NA,21.3,20.53,NA,NA,20.92,NA,NA,NA,NA,NA,NA,NA,NA
"Iraq","IRQ","Tariff rate, applied, simple mean, all products (%)","TM.TAX.MRCH.SM.AR.ZS",NA,NA,NA,NA,NA,NA,NA,NA,NA,NA,NA,NA,NA,NA,NA,NA,NA,NA,NA,NA,NA,NA,NA,NA,NA,NA,NA,NA,NA,NA,NA,NA,NA,NA,NA,NA,NA,NA,NA,NA,NA,NA,NA,NA,NA,NA,NA,NA,NA,NA,NA,NA,NA,NA,NA,NA,NA,NA,NA,NA
"Ireland","IRL","Tariff rate, applied, simple mean, all products (%)","TM.TAX.MRCH.SM.AR.ZS",NA,NA,NA,NA,NA,NA,NA,NA,NA,NA,NA,NA,NA,NA,NA,NA,NA,NA,NA,NA,NA,NA,NA,NA,NA,NA,NA,NA,3.14,3.49,6.01,4.71,3.88,3.54,4.21,5.73,4.22,3.47,3.9,4.31,3.17,4.22,2.45,2.43,2.5,2.54,2.58,2.36,2.18,2.24,2.47,2.12,2.13,2.09,2.58,2.61,2.48,2.35,2.35,NA
"Isle of Man","IMN","Tariff rate, applied, simple mean, all products (%)","TM.TAX.MRCH.SM.AR.ZS",NA,NA,NA,NA,NA,NA,NA,NA,NA,NA,NA,NA,NA,NA,NA,NA,NA,NA,NA,NA,NA,NA,NA,NA,NA,NA,NA,NA,NA,NA,NA,NA,NA,NA,NA,NA,NA,NA,NA,NA,NA,NA,NA,NA,NA,NA,NA,NA,NA,NA,NA,NA,NA,NA,NA,NA,NA,NA,NA,NA
"Israel","ISR","Tariff rate, applied, simple mean, all products (%)","TM.TAX.MRCH.SM.AR.ZS",NA,NA,NA,NA,NA,NA,NA,NA,NA,NA,NA,NA,NA,NA,NA,NA,NA,NA,NA,NA,NA,NA,NA,NA,NA,NA,NA,NA,NA,NA,NA,NA,NA,7.48,NA,NA,NA,NA,NA,12.27,8.8,6.43,6.22,6.09,2.56,2.66,4.91,2.45,2.69,5.86,NA,4.95,1.89,1.77,1.78,4.03,3.84,1.89,NA,NA
"Italy","ITA","Tariff rate, applied, simple mean, all products (%)","TM.TAX.MRCH.SM.AR.ZS",NA,NA,NA,NA,NA,NA,NA,NA,NA,NA,NA,NA,NA,NA,NA,NA,NA,NA,NA,NA,NA,NA,NA,NA,NA,NA,NA,NA,3.14,3.49,6.01,4.71,3.88,3.54,4.21,5.73,4.22,3.47,3.9,4.31,3.17,4.22,2.45,2.43,2.5,2.54,2.58,2.36,2.18,2.24,2.47,2.12,2.13,2.09,2.58,2.61,2.48,2.35,2.35,NA
"Jamaica","JAM","Tariff rate, applied, simple mean, all products (%)","TM.TAX.MRCH.SM.AR.ZS",NA,NA,NA,NA,NA,NA,NA,NA,NA,NA,NA,NA,NA,NA,NA,NA,NA,NA,NA,NA,NA,NA,NA,NA,NA,NA,NA,NA,NA,NA,NA,NA,NA,NA,NA,NA,21.07,NA,NA,18.19,9.21,9.21,9.47,9.56,9.49,NA,9.15,9.32,NA,NA,8.38,8.37,11.14,10.88,NA,9.7,10.28,NA,NA,NA
"Japan","JPN","Tariff rate, applied, simple mean, all products (%)","TM.TAX.MRCH.SM.AR.ZS",NA,NA,NA,NA,NA,NA,NA,NA,NA,NA,NA,NA,NA,NA,NA,NA,NA,NA,NA,NA,NA,NA,NA,NA,NA,NA,NA,NA,4.55,4.41,4,3.97,3.97,4.03,4.12,4.04,4.25,4.01,3.89,3.88,4.25,4.43,4.41,4.25,4.17,4.05,4.35,4.11,3.92,3.93,3.63,3.84,3.8,2.33,3.77,3.52,3.51,3.69,3.77,NA
"Jordan","JOR","Tariff rate, applied, simple mean, all products (%)","TM.TAX.MRCH.SM.AR.ZS",NA,NA,NA,NA,NA,NA,NA,NA,NA,NA,NA,NA,NA,NA,NA,NA,NA,NA,NA,NA,NA,NA,NA,NA,NA,NA,NA,NA,NA,NA,NA,NA,NA,NA,NA,NA,NA,NA,NA,NA,23.82,16.45,16.62,14.48,14.19,12.29,10.87,10.7,10.62,9.74,11.63,11.76,11.33,11.29,5.95,5.87,5.72,4.84,NA,NA
"Kazakhstan","KAZ","Tariff rate, applied, simple mean, all products (%)","TM.TAX.MRCH.SM.AR.ZS",NA,NA,NA,NA,NA,NA,NA,NA,NA,NA,NA,NA,NA,NA,NA,NA,NA,NA,NA,NA,NA,NA,NA,NA,NA,NA,NA,NA,NA,NA,NA,NA,NA,NA,NA,NA,NA,NA,NA,NA,NA,NA,NA,NA,2.42,NA,NA,NA,4.48,NA,7.56,7.43,7.49,7.62,6.95,6.91,5.12,4.79,4.64,NA
"Kenya","KEN","Tariff rate, applied, simple mean, all products (%)","TM.TAX.MRCH.SM.AR.ZS",NA,NA,NA,NA,NA,NA,NA,NA,NA,NA,NA,NA,NA,NA,NA,NA,NA,NA,NA,NA,NA,NA,NA,NA,NA,NA,NA,NA,NA,NA,NA,NA,NA,NA,31.23,NA,NA,NA,NA,17.57,20.9,20.45,16.84,NA,16.66,12.42,12.32,12.13,12.09,12.17,12.55,12.41,12.05,11.72,11.88,11.96,12.11,NA,12.56,NA
"Kiribati","KIR","Tariff rate, applied, simple mean, all products (%)","TM.TAX.MRCH.SM.AR.ZS",NA,NA,NA,NA,NA,NA,NA,NA,NA,NA,NA,NA,NA,NA,NA,NA,NA,NA,NA,NA,NA,NA,NA,NA,NA,NA,NA,NA,NA,NA,NA,NA,NA,NA,NA,NA,NA,NA,NA,NA,NA,NA,NA,NA,NA,NA,NA,NA,NA,NA,NA,NA,NA,NA,NA,NA,NA,NA,NA,NA
"Korea, Dem. Peopleâ€™s Rep.","PRK","Tariff rate, applied, simple mean, all products (%)","TM.TAX.MRCH.SM.AR.ZS",NA,NA,NA,NA,NA,NA,NA,NA,NA,NA,NA,NA,NA,NA,NA,NA,NA,NA,NA,NA,NA,NA,NA,NA,NA,NA,NA,NA,NA,NA,NA,NA,NA,NA,NA,NA,NA,NA,NA,NA,NA,NA,NA,NA,NA,NA,NA,NA,NA,NA,NA,NA,NA,NA,NA,NA,NA,NA,NA,NA
"Korea, Rep.","KOR","Tariff rate, applied, simple mean, all products (%)","TM.TAX.MRCH.SM.AR.ZS",NA,NA,NA,NA,NA,NA,NA,NA,NA,NA,NA,NA,NA,NA,NA,NA,NA,NA,NA,NA,NA,NA,NA,NA,NA,NA,NA,NA,18.83,14.89,12.98,NA,11.18,NA,NA,8.27,9.83,9.72,10.25,8.54,9.84,9.91,9.58,9.49,9.12,9.12,9.2,8.36,9.76,9.97,10.12,10.36,10.18,10.33,5.98,6.05,11.12,5.36,5.23,NA
"Kosovo","XKX","Tariff rate, applied, simple mean, all products (%)","TM.TAX.MRCH.SM.AR.ZS",NA,NA,NA,NA,NA,NA,NA,NA,NA,NA,NA,NA,NA,NA,NA,NA,NA,NA,NA,NA,NA,NA,NA,NA,NA,NA,NA,NA,NA,NA,NA,NA,NA,NA,NA,NA,NA,NA,NA,NA,NA,NA,NA,NA,NA,NA,NA,NA,NA,NA,NA,NA,NA,NA,NA,NA,NA,NA,NA,NA
"Kuwait","KWT","Tariff rate, applied, simple mean, all products (%)","TM.TAX.MRCH.SM.AR.ZS",NA,NA,NA,NA,NA,NA,NA,NA,NA,NA,NA,NA,NA,NA,NA,NA,NA,NA,NA,NA,NA,NA,NA,NA,NA,NA,NA,NA,NA,NA,NA,NA,NA,NA,NA,NA,NA,NA,NA,NA,NA,NA,3.46,4.82,4.82,4.31,4.29,3.99,4.03,3.5,4.62,4.62,4.25,4.49,3.9,3.86,3.86,3.88,3.9,NA
"Kyrgyz Republic","KGZ","Tariff rate, applied, simple mean, all products (%)","TM.TAX.MRCH.SM.AR.ZS",NA,NA,NA,NA,NA,NA,NA,NA,NA,NA,NA,NA,NA,NA,NA,NA,NA,NA,NA,NA,NA,NA,NA,NA,NA,NA,NA,NA,NA,NA,NA,NA,NA,NA,NA,0,NA,NA,NA,NA,4.66,4.55,8.17,4.28,NA,NA,3,2.9,3.16,3.06,3.26,3.31,3.31,3.31,3.28,5.53,4.63,4.12,3.88,NA
"Lao PDR","LAO","Tariff rate, applied, simple mean, all products (%)","TM.TAX.MRCH.SM.AR.ZS",NA,NA,NA,NA,NA,NA,NA,NA,NA,NA,NA,NA,NA,NA,NA,NA,NA,NA,NA,NA,NA,NA,NA,NA,NA,NA,NA,NA,NA,NA,NA,NA,NA,NA,NA,NA,NA,NA,NA,NA,9.36,9.7,NA,NA,8.63,6.87,6.17,5.57,9.25,NA,NA,NA,NA,NA,4.01,2.79,2.03,1.95,1.75,NA
"Latvia","LVA","Tariff rate, applied, simple mean, all products (%)","TM.TAX.MRCH.SM.AR.ZS",NA,NA,NA,NA,NA,NA,NA,NA,NA,NA,NA,NA,NA,NA,NA,NA,NA,NA,NA,NA,NA,NA,NA,NA,NA,NA,NA,NA,3.14,3.49,6.01,4.71,3.88,3.54,4.21,5.73,4.22,3.47,3.9,4.31,3.17,4.22,2.45,2.43,2.5,2.54,2.58,2.36,2.18,2.24,2.47,2.12,2.13,2.09,2.58,2.61,2.48,2.35,2.35,NA
"Lebanon","LBN","Tariff rate, applied, simple mean, all products (%)","TM.TAX.MRCH.SM.AR.ZS",NA,NA,NA,NA,NA,NA,NA,NA,NA,NA,NA,NA,NA,NA,NA,NA,NA,NA,NA,NA,NA,NA,NA,NA,NA,NA,NA,NA,NA,NA,NA,NA,NA,NA,NA,NA,NA,NA,NA,13.94,19.52,8.41,10.28,NA,7.11,8.78,6.35,7.72,NA,NA,NA,NA,NA,NA,5.88,5.86,5.3,3.46,5.01,NA
"Lesotho","LSO","Tariff rate, applied, simple mean, all products (%)","TM.TAX.MRCH.SM.AR.ZS",NA,NA,NA,NA,NA,NA,NA,NA,NA,NA,NA,NA,NA,NA,NA,NA,NA,NA,NA,NA,NA,NA,NA,NA,NA,NA,NA,NA,NA,NA,NA,NA,NA,NA,NA,NA,NA,NA,NA,NA,NA,0.78,NA,NA,9.97,11.97,10.91,9.4,10.2,9.88,10.73,10.41,9.26,2.6,3.18,3.6,3.11,2.35,6.03,NA
"Liberia","LBR","Tariff rate, applied, simple mean, all products (%)","TM.TAX.MRCH.SM.AR.ZS",NA,NA,NA,NA,NA,NA,NA,NA,NA,NA,NA,NA,NA,NA,NA,NA,NA,NA,NA,NA,NA,NA,NA,NA,NA,NA,NA,NA,NA,NA,NA,NA,NA,NA,NA,NA,NA,NA,NA,NA,NA,NA,NA,NA,NA,NA,NA,NA,NA,NA,NA,NA,9.86,9.75,9.67,NA,NA,NA,9.58,NA
"Libya","LBY","Tariff rate, applied, simple mean, all products (%)","TM.TAX.MRCH.SM.AR.ZS",NA,NA,NA,NA,NA,NA,NA,NA,NA,NA,NA,NA,NA,NA,NA,NA,NA,NA,NA,NA,NA,NA,NA,NA,NA,NA,NA,NA,NA,NA,NA,NA,NA,NA,NA,NA,26.57,NA,NA,NA,NA,NA,22.91,NA,NA,NA,0,NA,NA,NA,NA,NA,NA,NA,NA,NA,NA,NA,NA,NA
"Liechtenstein","LIE","Tariff rate, applied, simple mean, all products (%)","TM.TAX.MRCH.SM.AR.ZS",NA,NA,NA,NA,NA,NA,NA,NA,NA,NA,NA,NA,NA,NA,NA,NA,NA,NA,NA,NA,NA,NA,NA,NA,NA,NA,NA,NA,NA,NA,NA,NA,NA,NA,NA,NA,NA,NA,NA,NA,NA,NA,NA,NA,NA,NA,NA,NA,NA,NA,NA,NA,NA,NA,NA,NA,NA,NA,NA,NA
"Lithuania","LTU","Tariff rate, applied, simple mean, all products (%)","TM.TAX.MRCH.SM.AR.ZS",NA,NA,NA,NA,NA,NA,NA,NA,NA,NA,NA,NA,NA,NA,NA,NA,NA,NA,NA,NA,NA,NA,NA,NA,NA,NA,NA,NA,3.14,3.49,6.01,4.71,3.88,3.54,4.21,5.73,4.22,3.47,3.9,4.31,3.17,4.22,2.45,2.43,2.5,2.54,2.58,2.36,2.18,2.24,2.47,2.12,2.13,2.09,2.58,2.61,2.48,2.35,2.35,NA
"Luxembourg","LUX","Tariff rate, applied, simple mean, all products (%)","TM.TAX.MRCH.SM.AR.ZS",NA,NA,NA,NA,NA,NA,NA,NA,NA,NA,NA,NA,NA,NA,NA,NA,NA,NA,NA,NA,NA,NA,NA,NA,NA,NA,NA,NA,3.14,3.49,6.01,4.71,3.88,3.54,4.21,5.73,4.22,3.47,3.9,4.31,3.17,4.22,2.45,2.43,2.5,2.54,2.58,2.36,2.18,2.24,2.47,2.12,2.13,2.09,2.58,2.61,2.48,2.35,2.35,NA
"Macao SAR, China","MAC","Tariff rate, applied, simple mean, all products (%)","TM.TAX.MRCH.SM.AR.ZS",NA,NA,NA,NA,NA,NA,NA,NA,NA,NA,NA,NA,NA,NA,NA,NA,NA,NA,NA,NA,NA,NA,NA,NA,NA,NA,NA,NA,NA,NA,NA,NA,NA,NA,NA,NA,0,0,0,0,0,0,0,0,0,0,0,0,0,0,0,0,0,0,0,0,0,0,0,NA
"Madagascar","MDG","Tariff rate, applied, simple mean, all products (%)","TM.TAX.MRCH.SM.AR.ZS",NA,NA,NA,NA,NA,NA,NA,NA,NA,NA,NA,NA,NA,NA,NA,NA,NA,NA,NA,NA,NA,NA,NA,NA,NA,NA,NA,NA,NA,NA,NA,NA,NA,NA,NA,7.49,7.63,7.63,6.52,NA,6.1,5.33,5.61,5.14,3.76,11.37,13.33,12.11,12.13,10.73,10.56,10.93,10.96,10.96,10.69,10.94,10.26,6.91,9.25,NA
"Malawi","MWI","Tariff rate, applied, simple mean, all products (%)","TM.TAX.MRCH.SM.AR.ZS",NA,NA,NA,NA,NA,NA,NA,NA,NA,NA,NA,NA,NA,NA,NA,NA,NA,NA,NA,NA,NA,NA,NA,NA,NA,NA,NA,NA,NA,NA,NA,NA,NA,NA,31.42,NA,25.53,26.73,19.44,NA,15.57,12.92,NA,15.43,NA,NA,12.89,NA,12.09,12.71,11.59,12.27,11.51,8.82,9.06,9.05,9.17,NA,NA,NA
"Malaysia","MYS","Tariff rate, applied, simple mean, all products (%)","TM.TAX.MRCH.SM.AR.ZS",NA,NA,NA,NA,NA,NA,NA,NA,NA,NA,NA,NA,NA,NA,NA,NA,NA,NA,NA,NA,NA,NA,NA,NA,NA,NA,NA,NA,18.6,NA,NA,16.4,NA,13.01,NA,NA,10.92,8.88,14.09,10.38,9.53,8.01,7.51,7.94,12.06,7.55,6.96,6.99,6.79,6.7,5.82,6.61,6.6,6.98,3.37,NA,6.22,NA,NA,NA
"Maldives","MDV","Tariff rate, applied, simple mean, all products (%)","TM.TAX.MRCH.SM.AR.ZS",NA,NA,NA,NA,NA,NA,NA,NA,NA,NA,NA,NA,NA,NA,NA,NA,NA,NA,NA,NA,NA,NA,NA,NA,NA,NA,NA,NA,NA,NA,NA,NA,NA,NA,NA,NA,NA,NA,NA,NA,21.38,21.23,21.26,21.18,21.14,21.39,21.4,NA,21.5,21.57,21.98,22.11,11.09,10.98,10.66,11.58,11.41,11.14,11.69,NA
"Mali","MLI","Tariff rate, applied, simple mean, all products (%)","TM.TAX.MRCH.SM.AR.ZS",NA,NA,NA,NA,NA,NA,NA,NA,NA,NA,NA,NA,NA,NA,NA,NA,NA,NA,NA,NA,NA,NA,NA,NA,NA,NA,NA,NA,NA,NA,NA,NA,NA,NA,NA,3.46,15.14,15.14,15.14,11.17,NA,13.46,13.63,13.64,13.64,13.45,12.18,12.88,12.88,12.67,12.67,12.68,12.29,12.3,12.29,11.7,11.7,12.82,12.83,NA
"Malta","MLT","Tariff rate, applied, simple mean, all products (%)","TM.TAX.MRCH.SM.AR.ZS",NA,NA,NA,NA,NA,NA,NA,NA,NA,NA,NA,NA,NA,NA,NA,NA,NA,NA,NA,NA,NA,NA,NA,NA,NA,NA,NA,NA,3.14,3.49,6.01,4.71,3.88,3.54,4.21,5.73,4.22,3.47,3.9,4.31,3.17,4.22,2.45,2.43,2.5,2.54,2.58,2.36,2.18,2.24,2.47,2.12,2.13,2.09,2.58,2.61,2.48,2.35,2.35,NA
"Marshall Islands","MHL","Tariff rate, applied, simple mean, all products (%)","TM.TAX.MRCH.SM.AR.ZS",NA,NA,NA,NA,NA,NA,NA,NA,NA,NA,NA,NA,NA,NA,NA,NA,NA,NA,NA,NA,NA,NA,NA,NA,NA,NA,NA,NA,NA,NA,NA,NA,NA,NA,NA,NA,NA,NA,NA,NA,NA,NA,NA,NA,NA,NA,NA,NA,NA,NA,NA,NA,NA,NA,NA,NA,NA,NA,NA,NA
"Mauritania","MRT","Tariff rate, applied, simple mean, all products (%)","TM.TAX.MRCH.SM.AR.ZS",NA,NA,NA,NA,NA,NA,NA,NA,NA,NA,NA,NA,NA,NA,NA,NA,NA,NA,NA,NA,NA,NA,NA,NA,NA,NA,NA,NA,NA,NA,NA,NA,NA,NA,NA,NA,NA,NA,NA,NA,NA,12.83,NA,NA,NA,NA,11.48,12.38,9.44,9.57,9.45,9.36,NA,NA,12.34,12.38,NA,NA,12.55,NA
"Mauritius","MUS","Tariff rate, applied, simple mean, all products (%)","TM.TAX.MRCH.SM.AR.ZS",NA,NA,NA,NA,NA,NA,NA,NA,NA,NA,NA,NA,NA,NA,NA,NA,NA,NA,NA,NA,NA,NA,NA,NA,NA,NA,NA,NA,NA,NA,NA,NA,NA,NA,NA,34.7,31.93,32.71,31.08,31,22.4,24.08,23.65,NA,23.27,8.46,4.74,4.82,4.79,2.33,2.3,1.8,2.76,2.9,1.78,1.76,1.76,1.25,1.21,NA
"Mexico","MEX","Tariff rate, applied, simple mean, all products (%)","TM.TAX.MRCH.SM.AR.ZS",NA,NA,NA,NA,NA,NA,NA,NA,NA,NA,NA,NA,NA,NA,NA,NA,NA,NA,NA,NA,NA,NA,NA,NA,NA,NA,NA,NA,NA,NA,NA,14.29,NA,NA,NA,12.36,14.59,14.76,14.72,15.96,17.97,18.08,15.29,18.32,10.21,9.2,8.04,6.4,6.25,5.28,7.73,7.49,6.82,6.5,3.02,6.07,6.17,2.97,3.28,NA
"Micronesia, Fed. Sts.","FSM","Tariff rate, applied, simple mean, all products (%)","TM.TAX.MRCH.SM.AR.ZS",NA,NA,NA,NA,NA,NA,NA,NA,NA,NA,NA,NA,NA,NA,NA,NA,NA,NA,NA,NA,NA,NA,NA,NA,NA,NA,NA,NA,NA,NA,NA,NA,NA,NA,NA,NA,NA,NA,NA,NA,NA,NA,NA,NA,NA,NA,NA,NA,NA,NA,NA,NA,NA,NA,NA,NA,NA,NA,NA,NA
"Moldova","MDA","Tariff rate, applied, simple mean, all products (%)","TM.TAX.MRCH.SM.AR.ZS",NA,NA,NA,NA,NA,NA,NA,NA,NA,NA,NA,NA,NA,NA,NA,NA,NA,NA,NA,NA,NA,NA,NA,NA,NA,NA,NA,NA,NA,NA,NA,NA,NA,NA,NA,NA,5.75,NA,NA,NA,4.94,5.11,NA,5.21,5.29,5.32,4.37,4.77,4.4,5.12,4.57,5.02,4.55,8.3,4.61,5.41,5.34,NA,NA,NA
"Monaco","MCO","Tariff rate, applied, simple mean, all products (%)","TM.TAX.MRCH.SM.AR.ZS",NA,NA,NA,NA,NA,NA,NA,NA,NA,NA,NA,NA,NA,NA,NA,NA,NA,NA,NA,NA,NA,NA,NA,NA,NA,NA,NA,NA,NA,NA,NA,NA,NA,NA,NA,NA,NA,NA,NA,NA,NA,NA,NA,NA,NA,NA,NA,NA,NA,NA,NA,NA,NA,NA,NA,NA,NA,NA,NA,NA
"Mongolia","MNG","Tariff rate, applied, simple mean, all products (%)","TM.TAX.MRCH.SM.AR.ZS",NA,NA,NA,NA,NA,NA,NA,NA,NA,NA,NA,NA,NA,NA,NA,NA,NA,NA,NA,NA,NA,NA,NA,NA,NA,NA,NA,NA,NA,NA,NA,NA,NA,NA,NA,NA,NA,NA,NA,0.05,4.89,6.83,6.83,4.88,4.9,4.2,4.19,4.92,4.92,4.92,4.94,4.94,NA,4.94,NA,4.93,NA,5.06,5.04,NA
"Montenegro","MNE","Tariff rate, applied, simple mean, all products (%)","TM.TAX.MRCH.SM.AR.ZS",NA,NA,NA,NA,NA,NA,NA,NA,NA,NA,NA,NA,NA,NA,NA,NA,NA,NA,NA,NA,NA,NA,NA,NA,NA,NA,NA,NA,NA,NA,NA,NA,NA,NA,NA,NA,NA,NA,NA,NA,NA,NA,NA,NA,NA,NA,NA,5.07,2.52,2.67,3.03,2.94,2.41,2.11,2.05,2.05,1.78,1.77,NA,NA
"Morocco","MAR","Tariff rate, applied, simple mean, all products (%)","TM.TAX.MRCH.SM.AR.ZS",NA,NA,NA,NA,NA,NA,NA,NA,NA,NA,NA,NA,NA,NA,NA,NA,NA,NA,NA,NA,NA,NA,NA,NA,NA,NA,NA,NA,NA,NA,NA,NA,NA,64.07,NA,NA,NA,20.6,NA,NA,29.53,29.08,28.81,28.49,NA,19.23,15.73,13.3,11.89,9.16,16.97,14.08,4.83,NA,4.32,4.35,4.3,4.34,NA,NA
"Mozambique","MOZ","Tariff rate, applied, simple mean, all products (%)","TM.TAX.MRCH.SM.AR.ZS",NA,NA,NA,NA,NA,NA,NA,NA,NA,NA,NA,NA,NA,NA,NA,NA,NA,NA,NA,NA,NA,NA,NA,NA,NA,NA,NA,NA,NA,NA,NA,NA,NA,NA,NA,NA,NA,NA,NA,NA,NA,14.81,12.73,13.08,NA,12.95,12.13,10.99,10.78,8.8,8.77,10.75,8.76,NA,7.45,NA,7.16,NA,8.96,NA
"Myanmar","MMR","Tariff rate, applied, simple mean, all products (%)","TM.TAX.MRCH.SM.AR.ZS",NA,NA,NA,NA,NA,NA,NA,NA,NA,NA,NA,NA,NA,NA,NA,NA,NA,NA,NA,NA,NA,NA,NA,NA,NA,NA,NA,NA,NA,NA,NA,NA,NA,NA,NA,NA,4.65,4.65,4.65,4.65,4.65,4.47,4.47,4.44,4.3,4.3,4.22,4.05,3.93,NA,3.48,3.25,4.77,4.77,NA,2.08,NA,NA,NA,NA
"Namibia","NAM","Tariff rate, applied, simple mean, all products (%)","TM.TAX.MRCH.SM.AR.ZS",NA,NA,NA,NA,NA,NA,NA,NA,NA,NA,NA,NA,NA,NA,NA,NA,NA,NA,NA,NA,NA,NA,NA,NA,NA,NA,NA,NA,NA,NA,NA,NA,NA,NA,NA,NA,NA,NA,NA,NA,NA,6.06,5.34,NA,6.9,6.57,6.41,6.71,6.4,6.52,6.66,6.38,6.5,6.76,6.66,6.89,7.42,6.05,6.35,NA
"Nauru","NRU","Tariff rate, applied, simple mean, all products (%)","TM.TAX.MRCH.SM.AR.ZS",NA,NA,NA,NA,NA,NA,NA,NA,NA,NA,NA,NA,NA,NA,NA,NA,NA,NA,NA,NA,NA,NA,NA,NA,NA,NA,NA,NA,NA,NA,NA,NA,NA,NA,NA,NA,NA,NA,NA,NA,NA,NA,NA,NA,NA,NA,NA,NA,NA,NA,NA,NA,NA,NA,NA,NA,11.73,12.5,14.9,NA
"Nepal","NPL","Tariff rate, applied, simple mean, all products (%)","TM.TAX.MRCH.SM.AR.ZS",NA,NA,NA,NA,NA,NA,NA,NA,NA,NA,NA,NA,NA,NA,NA,NA,NA,NA,NA,NA,NA,NA,NA,NA,NA,NA,NA,NA,NA,NA,NA,NA,NA,20.87,NA,NA,NA,NA,21.67,14.36,14.41,NA,14.66,14.87,14.82,14.72,13.11,13.05,15.07,12.77,12.98,13.15,12.85,11.82,12.66,12.63,12.65,NA,12.79,NA
"Netherlands","NLD","Tariff rate, applied, simple mean, all products (%)","TM.TAX.MRCH.SM.AR.ZS",NA,NA,NA,NA,NA,NA,NA,NA,NA,NA,NA,NA,NA,NA,NA,NA,NA,NA,NA,NA,NA,NA,NA,NA,NA,NA,NA,NA,3.14,3.49,6.01,4.71,3.88,3.54,4.21,5.73,4.22,3.47,3.9,4.31,3.17,4.22,2.45,2.43,2.5,2.54,2.58,2.36,2.18,2.24,2.47,2.12,2.13,2.09,2.58,2.61,2.48,2.35,2.35,NA
"New Caledonia","NCL","Tariff rate, applied, simple mean, all products (%)","TM.TAX.MRCH.SM.AR.ZS",NA,NA,NA,NA,NA,NA,NA,NA,NA,NA,NA,NA,NA,NA,NA,NA,NA,NA,NA,NA,NA,NA,NA,NA,NA,NA,NA,NA,NA,NA,NA,NA,NA,NA,NA,NA,NA,NA,NA,NA,NA,NA,NA,NA,NA,NA,NA,NA,NA,NA,NA,NA,NA,NA,NA,NA,NA,NA,NA,NA
"New Zealand","NZL","Tariff rate, applied, simple mean, all products (%)","TM.TAX.MRCH.SM.AR.ZS",NA,NA,NA,NA,NA,NA,NA,NA,NA,NA,NA,NA,NA,NA,NA,NA,NA,NA,NA,NA,NA,NA,NA,NA,NA,NA,NA,NA,NA,NA,NA,NA,15.14,10.03,NA,NA,6.47,5.83,4.8,3.9,3.27,4.3,4.68,5.23,5.76,4.87,4.76,3.76,2.86,2.6,4.23,2.86,3,2.37,2.18,2.17,2.13,2.13,NA,NA
"Nicaragua","NIC","Tariff rate, applied, simple mean, all products (%)","TM.TAX.MRCH.SM.AR.ZS",NA,NA,NA,NA,NA,NA,NA,NA,NA,NA,NA,NA,NA,NA,NA,NA,NA,NA,NA,NA,NA,NA,NA,NA,NA,NA,NA,NA,NA,NA,NA,NA,NA,NA,NA,7.68,9.14,6.63,4.9,9.05,3.04,4.26,4.31,4.59,5.27,6.72,5.73,5.39,5.58,4.31,4.15,4.39,4.3,3.92,3.86,3.79,3.57,3.48,3.33,NA
"Niger","NER","Tariff rate, applied, simple mean, all products (%)","TM.TAX.MRCH.SM.AR.ZS",NA,NA,NA,NA,NA,NA,NA,NA,NA,NA,NA,NA,NA,NA,NA,NA,NA,NA,NA,NA,NA,NA,NA,NA,NA,NA,NA,NA,NA,NA,NA,NA,NA,NA,NA,NA,NA,NA,NA,NA,NA,14.38,14.17,14.24,14.1,14.27,12.8,12.71,12.7,12.71,12.8,13.14,13.13,13.29,13.17,10.73,10.84,13.27,13.08,NA
"Nigeria","NGA","Tariff rate, applied, simple mean, all products (%)","TM.TAX.MRCH.SM.AR.ZS",NA,NA,NA,NA,NA,NA,NA,NA,NA,NA,NA,NA,NA,NA,NA,NA,NA,NA,NA,NA,NA,NA,NA,NA,NA,NA,NA,NA,25.93,27.83,28.02,NA,28.13,NA,NA,87.19,22.95,23,23,24.64,24.69,24.23,25.17,24.61,NA,10.55,10.59,NA,10.82,9.94,11.06,11.16,NA,11.35,11.76,11.27,11.48,NA,NA,NA
"North Macedonia","MKD","Tariff rate, applied, simple mean, all products (%)","TM.TAX.MRCH.SM.AR.ZS",NA,NA,NA,NA,NA,NA,NA,NA,NA,NA,NA,NA,NA,NA,NA,NA,NA,NA,NA,NA,NA,NA,NA,NA,NA,NA,NA,NA,NA,NA,NA,NA,NA,NA,NA,NA,NA,NA,NA,NA,NA,10.13,9.45,NA,10.88,4.26,5.54,8.57,5.17,4.33,3.63,3.26,3.31,8.29,3.6,3,6.33,3.35,3.37,NA
"Northern Mariana Islands","MNP","Tariff rate, applied, simple mean, all products (%)","TM.TAX.MRCH.SM.AR.ZS",NA,NA,NA,NA,NA,NA,NA,NA,NA,NA,NA,NA,NA,NA,NA,NA,NA,NA,NA,NA,NA,NA,NA,NA,NA,NA,NA,NA,NA,NA,NA,NA,NA,NA,NA,NA,NA,NA,NA,NA,NA,NA,NA,NA,NA,NA,NA,NA,NA,NA,NA,NA,NA,NA,NA,NA,NA,NA,NA,NA
"Norway","NOR","Tariff rate, applied, simple mean, all products (%)","TM.TAX.MRCH.SM.AR.ZS",NA,NA,NA,NA,NA,NA,NA,NA,NA,NA,NA,NA,NA,NA,NA,NA,NA,NA,NA,NA,NA,NA,NA,NA,NA,NA,NA,NA,2.1,NA,NA,NA,NA,2.86,NA,10.24,4.66,8.34,6.92,4.47,6.5,5.07,4.42,4.08,4.19,4.39,4.1,4.32,3.54,3.4,4.02,4.13,4.23,4.12,3.84,3.94,3.69,3.62,3.51,NA
"Oman","OMN","Tariff rate, applied, simple mean, all products (%)","TM.TAX.MRCH.SM.AR.ZS",NA,NA,NA,NA,NA,NA,NA,NA,NA,NA,NA,NA,NA,NA,NA,NA,NA,NA,NA,NA,NA,NA,NA,NA,NA,NA,NA,NA,NA,NA,NA,NA,5.53,NA,NA,NA,NA,4.68,NA,NA,NA,5.35,7.97,6.64,4.83,3.94,3.97,3.83,4.25,3.9,NA,NA,3.41,3.26,3.2,3.53,3.56,3.66,3.67,NA
"Pakistan","PAK","Tariff rate, applied, simple mean, all products (%)","TM.TAX.MRCH.SM.AR.ZS",NA,NA,NA,NA,NA,NA,NA,NA,NA,NA,NA,NA,NA,NA,NA,NA,NA,NA,NA,NA,NA,NA,NA,NA,NA,NA,NA,NA,NA,NA,NA,NA,NA,NA,NA,50.26,NA,NA,45.83,24.54,24.05,20.34,17.37,16.98,16.17,14.72,14.86,14.97,14.06,14.72,14.79,14.39,14.14,14.65,13.63,12.73,12.55,NA,12.58,NA
"Palau","PLW","Tariff rate, applied, simple mean, all products (%)","TM.TAX.MRCH.SM.AR.ZS",NA,NA,NA,NA,NA,NA,NA,NA,NA,NA,NA,NA,NA,NA,NA,NA,NA,NA,NA,NA,NA,NA,NA,NA,NA,NA,NA,NA,NA,NA,NA,NA,NA,NA,NA,NA,NA,NA,NA,NA,NA,NA,NA,NA,NA,2.84,2.84,NA,NA,NA,5.04,4.83,4.75,NA,NA,5.07,5.47,14.14,15.56,NA
"Panama","PAN","Tariff rate, applied, simple mean, all products (%)","TM.TAX.MRCH.SM.AR.ZS",NA,NA,NA,NA,NA,NA,NA,NA,NA,NA,NA,NA,NA,NA,NA,NA,NA,NA,NA,NA,NA,NA,NA,NA,NA,NA,NA,NA,NA,NA,NA,NA,NA,NA,NA,NA,NA,12.26,8.26,8.32,8.17,7.97,8.26,7.83,7.82,7.41,7.67,7.4,7.31,7.76,7.48,7.3,7.28,6.93,NA,7.37,NA,NA,NA,NA
"Papua New Guinea","PNG","Tariff rate, applied, simple mean, all products (%)","TM.TAX.MRCH.SM.AR.ZS",NA,NA,NA,NA,NA,NA,NA,NA,NA,NA,NA,NA,NA,NA,NA,NA,NA,NA,NA,NA,NA,NA,NA,NA,NA,NA,NA,NA,NA,NA,NA,NA,NA,NA,NA,NA,NA,20.53,NA,20.89,7.86,7.74,7.31,6.32,6.72,6.77,5.46,5.19,5.12,4.97,5.12,NA,4.71,4.72,NA,NA,NA,NA,8.28,NA
"Paraguay","PRY","Tariff rate, applied, simple mean, all products (%)","TM.TAX.MRCH.SM.AR.ZS",NA,NA,NA,NA,NA,NA,NA,NA,NA,NA,NA,NA,NA,NA,NA,NA,NA,NA,NA,NA,NA,NA,NA,NA,NA,NA,NA,NA,NA,NA,NA,15.35,NA,NA,8.75,9.72,11.67,11.8,12.04,10.78,13.6,13.59,13.39,13.44,9.7,8.41,7.17,8,8.46,7.95,8.33,8.4,8.34,8.24,8.14,8.1,8.28,8.11,8.14,NA
"Peru","PER","Tariff rate, applied, simple mean, all products (%)","TM.TAX.MRCH.SM.AR.ZS",NA,NA,NA,NA,NA,NA,NA,NA,NA,NA,NA,NA,NA,NA,NA,NA,NA,NA,NA,NA,NA,NA,NA,NA,NA,NA,NA,NA,NA,NA,NA,NA,NA,17.92,NA,16.24,NA,13.2,13.14,13.08,13.2,11.86,10.31,9.68,9.76,9.19,8.56,8.48,4.69,4.54,4.74,3.12,NA,2.88,2.8,2.81,NA,1.38,1.25,NA
"Philippines","PHL","Tariff rate, applied, simple mean, all products (%)","TM.TAX.MRCH.SM.AR.ZS",NA,NA,NA,NA,NA,NA,NA,NA,NA,NA,NA,NA,NA,NA,NA,NA,NA,NA,NA,NA,NA,NA,NA,NA,NA,NA,NA,NA,28.36,28.37,19.54,NA,19.52,22.04,21.22,19.79,14.29,12.75,10.29,9.45,7.19,6.93,5.29,4.48,5.16,5.14,5.12,5.03,5.07,5.05,5.05,3.98,3.9,3.86,NA,3.8,4.91,3.7,4.04,NA
"Poland","POL","Tariff rate, applied, simple mean, all products (%)","TM.TAX.MRCH.SM.AR.ZS",NA,NA,NA,NA,NA,NA,NA,NA,NA,NA,NA,NA,NA,NA,NA,NA,NA,NA,NA,NA,NA,NA,NA,NA,NA,NA,NA,NA,3.14,3.49,6.01,4.71,3.88,3.54,4.21,5.73,4.22,3.47,3.9,4.31,3.17,4.22,2.45,2.43,2.5,2.54,2.58,2.36,2.18,2.24,2.47,2.12,2.13,2.09,2.58,2.61,2.48,2.35,2.35,NA
"Portugal","PRT","Tariff rate, applied, simple mean, all products (%)","TM.TAX.MRCH.SM.AR.ZS",NA,NA,NA,NA,NA,NA,NA,NA,NA,NA,NA,NA,NA,NA,NA,NA,NA,NA,NA,NA,NA,NA,NA,NA,NA,NA,NA,NA,3.14,3.49,6.01,4.71,3.88,3.54,4.21,5.73,4.22,3.47,3.9,4.31,3.17,4.22,2.45,2.43,2.5,2.54,2.58,2.36,2.18,2.24,2.47,2.12,2.13,2.09,2.58,2.61,2.48,2.35,2.35,NA
"Puerto Rico","PRI","Tariff rate, applied, simple mean, all products (%)","TM.TAX.MRCH.SM.AR.ZS",NA,NA,NA,NA,NA,NA,NA,NA,NA,NA,NA,NA,NA,NA,NA,NA,NA,NA,NA,NA,NA,NA,NA,NA,NA,NA,NA,NA,NA,NA,NA,NA,NA,NA,NA,NA,NA,NA,NA,NA,NA,NA,NA,NA,NA,NA,NA,NA,NA,NA,NA,NA,NA,NA,NA,NA,NA,NA,NA,NA
"Qatar","QAT","Tariff rate, applied, simple mean, all products (%)","TM.TAX.MRCH.SM.AR.ZS",NA,NA,NA,NA,NA,NA,NA,NA,NA,NA,NA,NA,NA,NA,NA,NA,NA,NA,NA,NA,NA,NA,NA,NA,NA,NA,NA,NA,NA,NA,NA,NA,NA,NA,NA,NA,NA,NA,NA,NA,NA,NA,4.11,5.12,5.22,4.13,4.06,4.16,4.17,4.4,4.78,4.78,4.21,4.24,3.84,3.68,3.68,4,3.98,NA
"Romania","ROU","Tariff rate, applied, simple mean, all products (%)","TM.TAX.MRCH.SM.AR.ZS",NA,NA,NA,NA,NA,NA,NA,NA,NA,NA,NA,NA,NA,NA,NA,NA,NA,NA,NA,NA,NA,NA,NA,NA,NA,NA,NA,NA,3.14,3.49,6.01,4.71,3.88,3.54,4.21,5.73,4.22,3.47,3.9,4.31,3.17,4.22,2.45,2.43,2.5,2.54,2.58,2.36,2.18,2.24,2.47,2.12,2.13,2.09,2.58,2.61,2.48,2.35,2.35,NA
"Russian Federation","RUS","Tariff rate, applied, simple mean, all products (%)","TM.TAX.MRCH.SM.AR.ZS",NA,NA,NA,NA,NA,NA,NA,NA,NA,NA,NA,NA,NA,NA,NA,NA,NA,NA,NA,NA,NA,NA,NA,NA,NA,NA,NA,NA,NA,NA,NA,NA,NA,8.34,11.11,NA,11.92,13.99,NA,NA,NA,11.9,11.64,NA,NA,11.39,NA,9.97,9.94,9.99,7.11,8.59,8.28,8.05,7.34,5.33,5.34,5.06,4.92,NA
"Rwanda","RWA","Tariff rate, applied, simple mean, all products (%)","TM.TAX.MRCH.SM.AR.ZS",NA,NA,NA,NA,NA,NA,NA,NA,NA,NA,NA,NA,NA,NA,NA,NA,NA,NA,NA,NA,NA,NA,NA,NA,NA,NA,NA,NA,NA,NA,NA,NA,NA,38.69,NA,NA,NA,NA,NA,NA,11.57,10.45,24.21,9.75,NA,19.48,19.73,NA,18.66,11.43,11.19,10.28,10.77,11.11,11.1,11.18,11.5,NA,11.26,NA
"Samoa","WSM","Tariff rate, applied, simple mean, all products (%)","TM.TAX.MRCH.SM.AR.ZS",NA,NA,NA,NA,NA,NA,NA,NA,NA,NA,NA,NA,NA,NA,NA,NA,NA,NA,NA,NA,NA,NA,NA,NA,NA,NA,NA,NA,NA,NA,NA,NA,NA,NA,NA,NA,NA,NA,NA,NA,NA,NA,NA,NA,NA,NA,NA,NA,NA,NA,NA,12.71,11.86,11.79,12.8,13.06,12.2,12.22,12.93,NA
"San Marino","SMR","Tariff rate, applied, simple mean, all products (%)","TM.TAX.MRCH.SM.AR.ZS",NA,NA,NA,NA,NA,NA,NA,NA,NA,NA,NA,NA,NA,NA,NA,NA,NA,NA,NA,NA,NA,NA,NA,NA,NA,NA,NA,NA,NA,NA,NA,NA,NA,NA,NA,NA,NA,NA,NA,NA,NA,NA,NA,NA,NA,NA,NA,NA,NA,NA,NA,NA,NA,NA,NA,NA,NA,NA,NA,NA
"Sao Tome and Principe","STP","Tariff rate, applied, simple mean, all products (%)","TM.TAX.MRCH.SM.AR.ZS",NA,NA,NA,NA,NA,NA,NA,NA,NA,NA,NA,NA,NA,NA,NA,NA,NA,NA,NA,NA,NA,NA,NA,NA,NA,NA,NA,NA,NA,NA,NA,NA,NA,NA,NA,NA,NA,NA,NA,NA,NA,NA,NA,NA,NA,NA,NA,NA,NA,NA,NA,NA,NA,9.91,9.86,9.85,9.84,NA,9.81,NA
"Saudi Arabia","SAU","Tariff rate, applied, simple mean, all products (%)","TM.TAX.MRCH.SM.AR.ZS",NA,NA,NA,NA,NA,NA,NA,NA,NA,NA,NA,NA,NA,NA,NA,NA,NA,NA,NA,NA,NA,NA,NA,NA,NA,NA,NA,NA,NA,NA,NA,NA,NA,NA,12.32,NA,NA,NA,NA,12.37,12.65,12.68,6.77,6.64,6.66,4.19,4.16,4.02,3.33,3.28,NA,4.83,4.15,4.15,4.03,5.08,NA,4.54,NA,NA
"Senegal","SEN","Tariff rate, applied, simple mean, all products (%)","TM.TAX.MRCH.SM.AR.ZS",NA,NA,NA,NA,NA,NA,NA,NA,NA,NA,NA,NA,NA,NA,NA,NA,NA,NA,NA,NA,NA,NA,NA,NA,NA,NA,NA,NA,NA,NA,NA,NA,NA,NA,NA,NA,NA,NA,NA,NA,NA,13.86,13.83,13.92,13.93,13.97,13.49,13.41,13.41,13.41,13.42,13.32,13.13,13.13,13.18,12.95,12.96,13.17,12.96,NA
"Serbia","SRB","Tariff rate, applied, simple mean, all products (%)","TM.TAX.MRCH.SM.AR.ZS",NA,NA,NA,NA,NA,NA,NA,NA,NA,NA,NA,NA,NA,NA,NA,NA,NA,NA,NA,NA,NA,NA,NA,NA,NA,NA,NA,NA,NA,NA,NA,NA,NA,NA,NA,NA,NA,NA,NA,NA,NA,9.13,10.05,NA,NA,8.09,NA,NA,NA,NA,NA,NA,NA,NA,NA,NA,NA,NA,NA,NA
"Seychelles","SYC","Tariff rate, applied, simple mean, all products (%)","TM.TAX.MRCH.SM.AR.ZS",NA,NA,NA,NA,NA,NA,NA,NA,NA,NA,NA,NA,NA,NA,NA,NA,NA,NA,NA,NA,NA,NA,NA,NA,NA,NA,NA,NA,NA,NA,NA,NA,NA,NA,NA,NA,NA,NA,NA,NA,27.22,27.69,NA,NA,NA,12.15,9.06,9.75,NA,NA,NA,NA,NA,NA,NA,2.39,2.85,2.74,2.27,NA
"Sierra Leone","SLE","Tariff rate, applied, simple mean, all products (%)","TM.TAX.MRCH.SM.AR.ZS",NA,NA,NA,NA,NA,NA,NA,NA,NA,NA,NA,NA,NA,NA,NA,NA,NA,NA,NA,NA,NA,NA,NA,NA,NA,NA,NA,NA,NA,NA,NA,NA,NA,NA,NA,NA,NA,NA,NA,NA,NA,NA,NA,NA,14.93,NA,14.62,NA,NA,NA,12.87,12.91,12.88,NA,NA,NA,NA,NA,NA,NA
"Singapore","SGP","Tariff rate, applied, simple mean, all products (%)","TM.TAX.MRCH.SM.AR.ZS",NA,NA,NA,NA,NA,NA,NA,NA,NA,NA,NA,NA,NA,NA,NA,NA,NA,NA,NA,NA,NA,NA,NA,NA,NA,NA,NA,NA,NA,1.72,NA,NA,NA,NA,NA,0.58,0.07,0.07,0.07,0.07,0.07,0.05,0.06,0.05,0,0.05,0.05,0.04,0.15,0.14,0.17,0.28,0.21,0.21,0.2,0.2,0.21,0.19,0.58,NA
"Sint Maarten (Dutch part)","SXM","Tariff rate, applied, simple mean, all products (%)","TM.TAX.MRCH.SM.AR.ZS",NA,NA,NA,NA,NA,NA,NA,NA,NA,NA,NA,NA,NA,NA,NA,NA,NA,NA,NA,NA,NA,NA,NA,NA,NA,NA,NA,NA,NA,NA,NA,NA,NA,NA,NA,NA,NA,NA,NA,NA,NA,NA,NA,NA,NA,NA,NA,NA,NA,NA,NA,NA,NA,NA,NA,NA,NA,NA,NA,NA
"Slovak Republic","SVK","Tariff rate, applied, simple mean, all products (%)","TM.TAX.MRCH.SM.AR.ZS",NA,NA,NA,NA,NA,NA,NA,NA,NA,NA,NA,NA,NA,NA,NA,NA,NA,NA,NA,NA,NA,NA,NA,NA,NA,NA,NA,NA,3.14,3.49,6.01,4.71,3.88,3.54,4.21,5.73,4.22,3.47,3.9,4.31,3.17,4.22,2.45,2.43,2.5,2.54,2.58,2.36,2.18,2.24,2.47,2.12,2.13,2.09,2.58,2.61,2.48,2.35,2.35,NA
"Slovenia","SVN","Tariff rate, applied, simple mean, all products (%)","TM.TAX.MRCH.SM.AR.ZS",NA,NA,NA,NA,NA,NA,NA,NA,NA,NA,NA,NA,NA,NA,NA,NA,NA,NA,NA,NA,NA,NA,NA,NA,NA,NA,NA,NA,3.14,3.49,6.01,4.71,3.88,3.54,4.21,5.73,4.22,3.47,3.9,4.31,3.17,4.22,2.45,2.43,2.5,2.54,2.58,2.36,2.18,2.24,2.47,2.12,2.13,2.09,2.58,2.61,2.48,2.35,2.35,NA
"Solomon Islands","SLB","Tariff rate, applied, simple mean, all products (%)","TM.TAX.MRCH.SM.AR.ZS",NA,NA,NA,NA,NA,NA,NA,NA,NA,NA,NA,NA,NA,NA,NA,NA,NA,NA,NA,NA,NA,NA,NA,NA,NA,NA,NA,NA,NA,NA,NA,NA,NA,NA,NA,NA,NA,NA,NA,NA,NA,NA,NA,NA,NA,NA,NA,NA,10.8,NA,NA,NA,NA,NA,NA,10.72,10.78,10.09,12.24,NA
"Somalia","SOM","Tariff rate, applied, simple mean, all products (%)","TM.TAX.MRCH.SM.AR.ZS",NA,NA,NA,NA,NA,NA,NA,NA,NA,NA,NA,NA,NA,NA,NA,NA,NA,NA,NA,NA,NA,NA,NA,NA,NA,NA,NA,NA,NA,NA,NA,NA,NA,NA,NA,NA,NA,NA,NA,NA,NA,NA,NA,NA,NA,NA,NA,NA,NA,NA,NA,NA,NA,NA,NA,NA,NA,NA,NA,NA
"South Africa","ZAF","Tariff rate, applied, simple mean, all products (%)","TM.TAX.MRCH.SM.AR.ZS",NA,NA,NA,NA,NA,NA,NA,NA,NA,NA,NA,NA,NA,NA,NA,NA,NA,NA,NA,NA,NA,NA,NA,NA,NA,NA,NA,NA,13.52,NA,11.63,11.33,NA,16.41,NA,NA,14.8,10.72,NA,9.74,9.45,9.65,8.3,8.47,9.3,8.85,8.46,8.06,7.62,7.53,7.31,7.11,7.12,6.4,6.31,6.35,6.48,6.67,6.76,NA
"South Sudan","SSD","Tariff rate, applied, simple mean, all products (%)","TM.TAX.MRCH.SM.AR.ZS",NA,NA,NA,NA,NA,NA,NA,NA,NA,NA,NA,NA,NA,NA,NA,NA,NA,NA,NA,NA,NA,NA,NA,NA,NA,NA,NA,NA,NA,NA,NA,NA,NA,NA,NA,NA,NA,NA,NA,NA,NA,NA,NA,NA,NA,NA,NA,NA,NA,NA,NA,NA,NA,NA,NA,NA,NA,NA,NA,NA
"Spain","ESP","Tariff rate, applied, simple mean, all products (%)","TM.TAX.MRCH.SM.AR.ZS",NA,NA,NA,NA,NA,NA,NA,NA,NA,NA,NA,NA,NA,NA,NA,NA,NA,NA,NA,NA,NA,NA,NA,NA,NA,NA,NA,NA,3.14,3.49,6.01,4.71,3.88,3.54,4.21,5.73,4.22,3.47,3.9,4.31,3.17,4.22,2.45,2.43,2.5,2.54,2.58,2.36,2.18,2.24,2.47,2.12,2.13,2.09,2.58,2.61,2.48,2.35,2.35,NA
"Sri Lanka","LKA","Tariff rate, applied, simple mean, all products (%)","TM.TAX.MRCH.SM.AR.ZS",NA,NA,NA,NA,NA,NA,NA,NA,NA,NA,NA,NA,NA,NA,NA,NA,NA,NA,NA,NA,NA,NA,NA,NA,NA,NA,NA,NA,NA,NA,26.38,NA,NA,23.9,24.51,NA,NA,20.19,11.16,NA,9.72,9.61,NA,9.62,10.57,11.73,11.4,11.08,10.95,10.77,9.79,9.97,9.94,NA,9.33,7.87,NA,10.35,12.06,NA
"St. Kitts and Nevis","KNA","Tariff rate, applied, simple mean, all products (%)","TM.TAX.MRCH.SM.AR.ZS",NA,NA,NA,NA,NA,NA,NA,NA,NA,NA,NA,NA,NA,NA,NA,NA,NA,NA,NA,NA,NA,NA,NA,NA,NA,NA,NA,NA,NA,NA,NA,NA,NA,NA,NA,NA,21.98,NA,NA,18.98,14.34,14.46,14.54,14.9,NA,NA,12.88,12.33,12.24,14.02,12.16,11.84,11.64,11.64,11.65,11.66,11.68,13.54,13.59,NA
"St. Lucia","LCA","Tariff rate, applied, simple mean, all products (%)","TM.TAX.MRCH.SM.AR.ZS",NA,NA,NA,NA,NA,NA,NA,NA,NA,NA,NA,NA,NA,NA,NA,NA,NA,NA,NA,NA,NA,NA,NA,NA,NA,NA,NA,NA,NA,NA,NA,NA,NA,NA,NA,NA,21.95,NA,NA,18.58,18.62,12.36,12.84,12.8,NA,12.66,9.68,9.26,NA,NA,13.29,13.38,11.06,11.75,8.75,8.16,8.7,NA,NA,NA
"St. Martin (French part)","MAF","Tariff rate, applied, simple mean, all products (%)","TM.TAX.MRCH.SM.AR.ZS",NA,NA,NA,NA,NA,NA,NA,NA,NA,NA,NA,NA,NA,NA,NA,NA,NA,NA,NA,NA,NA,NA,NA,NA,NA,NA,NA,NA,NA,NA,NA,NA,NA,NA,NA,NA,NA,NA,NA,NA,NA,NA,NA,NA,NA,NA,NA,NA,NA,NA,NA,NA,NA,NA,NA,NA,NA,NA,NA,NA
"St. Vincent and the Grenadines","VCT","Tariff rate, applied, simple mean, all products (%)","TM.TAX.MRCH.SM.AR.ZS",NA,NA,NA,NA,NA,NA,NA,NA,NA,NA,NA,NA,NA,NA,NA,NA,NA,NA,NA,NA,NA,NA,NA,NA,NA,NA,NA,NA,NA,NA,NA,NA,NA,NA,NA,NA,21.29,NA,NA,18.1,18.38,13.36,13.37,13.26,NA,NA,3.83,11.11,NA,NA,13.03,12.96,10.71,10.71,NA,10.19,9.8,9.38,9.17,NA
"Sudan","SDN","Tariff rate, applied, simple mean, all products (%)","TM.TAX.MRCH.SM.AR.ZS",NA,NA,NA,NA,NA,NA,NA,NA,NA,NA,NA,NA,NA,NA,NA,NA,NA,NA,NA,NA,NA,NA,NA,NA,NA,NA,NA,NA,NA,NA,NA,NA,NA,NA,NA,NA,5.03,NA,NA,NA,NA,NA,22.6,NA,NA,NA,11.47,NA,14.22,14.26,12.67,12.56,NA,NA,NA,NA,NA,NA,NA,NA
"Suriname","SUR","Tariff rate, applied, simple mean, all products (%)","TM.TAX.MRCH.SM.AR.ZS",NA,NA,NA,NA,NA,NA,NA,NA,NA,NA,NA,NA,NA,NA,NA,NA,NA,NA,NA,NA,NA,NA,NA,NA,NA,NA,NA,NA,NA,NA,NA,NA,NA,NA,NA,NA,21.09,NA,NA,17.55,14.4,NA,NA,NA,NA,NA,NA,11.12,NA,12,12.01,11.77,10.84,10.84,NA,NA,NA,NA,10.74,NA
"Sweden","SWE","Tariff rate, applied, simple mean, all products (%)","TM.TAX.MRCH.SM.AR.ZS",NA,NA,NA,NA,NA,NA,NA,NA,NA,NA,NA,NA,NA,NA,NA,NA,NA,NA,NA,NA,NA,NA,NA,NA,NA,NA,NA,NA,3.14,3.49,6.01,4.71,3.88,3.54,4.21,5.73,4.22,3.47,3.9,4.31,3.17,4.22,2.45,2.43,2.5,2.54,2.58,2.36,2.18,2.24,2.47,2.12,2.13,2.09,2.58,2.61,2.48,2.35,2.35,NA
"Switzerland","CHE","Tariff rate, applied, simple mean, all products (%)","TM.TAX.MRCH.SM.AR.ZS",NA,NA,NA,NA,NA,NA,NA,NA,NA,NA,NA,NA,NA,NA,NA,NA,NA,NA,NA,NA,NA,NA,NA,NA,NA,NA,NA,NA,NA,NA,6.06,NA,NA,6.72,NA,11.92,5.94,4.93,4.53,4.33,4.43,5.02,4.52,5.1,4.15,4.72,5.88,3.83,3.5,3.48,3.07,3.8,4.53,3.68,3.71,3.67,3.93,4.8,4.67,NA
"Syrian Arab Republic","SYR","Tariff rate, applied, simple mean, all products (%)","TM.TAX.MRCH.SM.AR.ZS",NA,NA,NA,NA,NA,NA,NA,NA,NA,NA,NA,NA,NA,NA,NA,NA,NA,NA,NA,NA,NA,NA,NA,NA,NA,NA,NA,NA,NA,NA,NA,NA,NA,NA,NA,NA,NA,NA,NA,NA,NA,NA,14.67,NA,NA,NA,NA,NA,NA,11.2,11.86,NA,NA,15.16,NA,NA,NA,NA,NA,NA
"Tajikistan","TJK","Tariff rate, applied, simple mean, all products (%)","TM.TAX.MRCH.SM.AR.ZS",NA,NA,NA,NA,NA,NA,NA,NA,NA,NA,NA,NA,NA,NA,NA,NA,NA,NA,NA,NA,NA,NA,NA,NA,NA,NA,NA,NA,NA,NA,NA,NA,NA,NA,NA,NA,NA,NA,NA,NA,NA,NA,NA,NA,NA,NA,5.01,NA,NA,NA,4.61,NA,4.85,5.19,4.96,6.14,5.22,5.08,NA,NA
"Tanzania","TZA","Tariff rate, applied, simple mean, all products (%)","TM.TAX.MRCH.SM.AR.ZS",NA,NA,NA,NA,NA,NA,NA,NA,NA,NA,NA,NA,NA,NA,NA,NA,NA,NA,NA,NA,NA,NA,NA,NA,NA,NA,NA,NA,NA,NA,NA,NA,NA,15.54,NA,NA,NA,22.31,21.31,NA,17.86,NA,NA,15.23,NA,12.9,12.53,12.53,13.11,12.98,13.07,12.81,13.22,13.2,13.14,11.92,12.17,NA,12.26,NA
"Thailand","THA","Tariff rate, applied, simple mean, all products (%)","TM.TAX.MRCH.SM.AR.ZS",NA,NA,NA,NA,NA,NA,NA,NA,NA,NA,NA,NA,NA,NA,NA,NA,NA,NA,NA,NA,NA,NA,NA,NA,NA,NA,NA,NA,NA,41.22,NA,41.99,NA,44.17,NA,21.77,NA,NA,NA,42.61,17.12,14.71,NA,13.75,11.32,10.55,10.84,10.52,10.78,11.01,10.81,11.25,NA,12.03,8.42,7.96,NA,NA,NA,NA
"Timor-Leste","TLS","Tariff rate, applied, simple mean, all products (%)","TM.TAX.MRCH.SM.AR.ZS",NA,NA,NA,NA,NA,NA,NA,NA,NA,NA,NA,NA,NA,NA,NA,NA,NA,NA,NA,NA,NA,NA,NA,NA,NA,NA,NA,NA,NA,NA,NA,NA,NA,NA,NA,NA,NA,NA,NA,NA,NA,NA,NA,NA,NA,NA,NA,NA,NA,NA,NA,2.5,2.5,2.5,2.5,2.5,2.5,NA,NA,NA
"Togo","TGO","Tariff rate, applied, simple mean, all products (%)","TM.TAX.MRCH.SM.AR.ZS",NA,NA,NA,NA,NA,NA,NA,NA,NA,NA,NA,NA,NA,NA,NA,NA,NA,NA,NA,NA,NA,NA,NA,NA,NA,NA,NA,NA,NA,NA,NA,NA,NA,NA,NA,NA,15.22,15.56,NA,15.46,14.35,14.27,14.23,14.55,14.56,14.61,14.15,13.85,13.85,13.84,13.53,13.66,13.14,12.88,12.87,11.84,12.08,13.31,13.13,NA
"Tonga","TON","Tariff rate, applied, simple mean, all products (%)","TM.TAX.MRCH.SM.AR.ZS",NA,NA,NA,NA,NA,NA,NA,NA,NA,NA,NA,NA,NA,NA,NA,NA,NA,NA,NA,NA,NA,NA,NA,NA,NA,NA,NA,NA,NA,NA,NA,NA,NA,NA,NA,NA,NA,NA,NA,NA,NA,NA,NA,NA,NA,NA,NA,NA,NA,11.01,11.09,11.01,11.24,11.08,NA,11.25,11.09,10.89,NA,NA
"Trinidad and Tobago","TTO","Tariff rate, applied, simple mean, all products (%)","TM.TAX.MRCH.SM.AR.ZS",NA,NA,NA,NA,NA,NA,NA,NA,NA,NA,NA,NA,NA,NA,NA,NA,NA,NA,NA,NA,NA,NA,NA,NA,NA,NA,NA,NA,NA,NA,NA,18.73,19.21,NA,NA,NA,12.07,NA,NA,19.88,NA,9.95,9.74,9.78,10.54,10.46,9.98,8.81,8.76,NA,11.94,11.94,11.47,11.43,NA,NA,NA,NA,NA,NA
"Tunisia","TUN","Tariff rate, applied, simple mean, all products (%)","TM.TAX.MRCH.SM.AR.ZS",NA,NA,NA,NA,NA,NA,NA,NA,NA,NA,NA,NA,NA,NA,NA,NA,NA,NA,NA,NA,NA,NA,NA,NA,NA,NA,NA,NA,NA,NA,28.07,NA,28.46,NA,NA,29.67,NA,NA,29.71,NA,28.22,NA,29.93,25.53,25.92,13.28,22.99,NA,21.79,21.6,18.13,16.25,15.57,6.69,NA,6.49,10.21,NA,NA,NA
"Turkey","TUR","Tariff rate, applied, simple mean, all products (%)","TM.TAX.MRCH.SM.AR.ZS",NA,NA,NA,NA,NA,NA,NA,NA,NA,NA,NA,NA,NA,NA,NA,NA,NA,NA,NA,NA,NA,NA,NA,NA,NA,NA,NA,NA,NA,NA,NA,NA,NA,7.35,NA,8.68,4.54,6.74,4.35,7.18,3.54,3.01,2.88,2.61,3.22,2.42,2.3,2.49,2.49,2.36,2.49,2.42,NA,2.4,NA,2.7,2.45,2.74,2.64,NA
"Turkmenistan","TKM","Tariff rate, applied, simple mean, all products (%)","TM.TAX.MRCH.SM.AR.ZS",NA,NA,NA,NA,NA,NA,NA,NA,NA,NA,NA,NA,NA,NA,NA,NA,NA,NA,NA,NA,NA,NA,NA,NA,NA,NA,NA,NA,NA,NA,NA,NA,NA,NA,NA,NA,NA,NA,0,NA,NA,NA,5.35,NA,NA,NA,NA,NA,NA,NA,NA,NA,NA,NA,NA,NA,NA,NA,NA,NA
"Turks and Caicos Islands","TCA","Tariff rate, applied, simple mean, all products (%)","TM.TAX.MRCH.SM.AR.ZS",NA,NA,NA,NA,NA,NA,NA,NA,NA,NA,NA,NA,NA,NA,NA,NA,NA,NA,NA,NA,NA,NA,NA,NA,NA,NA,NA,NA,NA,NA,NA,NA,NA,NA,NA,NA,NA,NA,NA,NA,NA,NA,NA,NA,NA,NA,NA,NA,NA,NA,NA,NA,NA,NA,NA,NA,NA,NA,NA,NA
"Tuvalu","TUV","Tariff rate, applied, simple mean, all products (%)","TM.TAX.MRCH.SM.AR.ZS",NA,NA,NA,NA,NA,NA,NA,NA,NA,NA,NA,NA,NA,NA,NA,NA,NA,NA,NA,NA,NA,NA,NA,NA,NA,NA,NA,NA,NA,NA,NA,NA,NA,NA,NA,NA,NA,NA,NA,NA,NA,NA,NA,NA,NA,NA,NA,NA,NA,NA,8.5,NA,NA,NA,NA,NA,NA,8.85,NA,NA
"Uganda","UGA","Tariff rate, applied, simple mean, all products (%)","TM.TAX.MRCH.SM.AR.ZS",NA,NA,NA,NA,NA,NA,NA,NA,NA,NA,NA,NA,NA,NA,NA,NA,NA,NA,NA,NA,NA,NA,NA,NA,NA,NA,NA,NA,NA,NA,NA,NA,NA,NA,16.61,NA,NA,NA,NA,NA,8.28,8.1,7.86,7.51,7.14,12.43,12.13,12.1,12.21,12.39,12.44,12.04,12.23,12.02,12.16,11.68,11.71,NA,12.15,NA
"Ukraine","UKR","Tariff rate, applied, simple mean, all products (%)","TM.TAX.MRCH.SM.AR.ZS",NA,NA,NA,NA,NA,NA,NA,NA,NA,NA,NA,NA,NA,NA,NA,NA,NA,NA,NA,NA,NA,NA,NA,NA,NA,NA,NA,NA,NA,NA,NA,NA,NA,NA,NA,7.48,NA,8.37,NA,NA,NA,NA,7.7,NA,NA,NA,4.89,5.46,5,4.07,4.5,4.11,4.16,4.71,4.28,4.08,4.48,2.59,2.3,NA
"United Arab Emirates","ARE","Tariff rate, applied, simple mean, all products (%)","TM.TAX.MRCH.SM.AR.ZS",NA,NA,NA,NA,NA,NA,NA,NA,NA,NA,NA,NA,NA,NA,NA,NA,NA,NA,NA,NA,NA,NA,NA,NA,NA,NA,NA,NA,NA,NA,NA,NA,NA,NA,NA,NA,NA,NA,NA,NA,NA,NA,NA,NA,NA,4.44,NA,4.21,4.29,4.28,NA,4.76,4.35,4.35,4.06,4.03,3.99,4.56,4.24,NA
"United Kingdom","GBR","Tariff rate, applied, simple mean, all products (%)","TM.TAX.MRCH.SM.AR.ZS",NA,NA,NA,NA,NA,NA,NA,NA,NA,NA,NA,NA,NA,NA,NA,NA,NA,NA,NA,NA,NA,NA,NA,NA,NA,NA,NA,NA,3.14,3.49,6.01,4.71,3.88,3.54,4.21,5.73,4.22,3.47,3.9,4.31,3.17,4.22,2.45,2.43,2.5,2.54,2.58,2.36,2.18,2.24,2.47,2.12,2.13,2.09,2.58,2.61,2.48,2.35,2.35,NA
"United States","USA","Tariff rate, applied, simple mean, all products (%)","TM.TAX.MRCH.SM.AR.ZS",NA,NA,NA,NA,NA,NA,NA,NA,NA,NA,NA,NA,NA,NA,NA,NA,NA,NA,NA,NA,NA,NA,NA,NA,NA,NA,NA,NA,NA,5.28,5.2,5.31,5.25,5.12,NA,4.59,4.44,4.34,4.49,3.88,3.87,3.82,3.98,3.53,3.31,3.23,3.14,3.01,3.1,3,2.96,3.03,2.99,2.87,2.93,2.8,2.76,3.36,3.25,NA
"Uruguay","URY","Tariff rate, applied, simple mean, all products (%)","TM.TAX.MRCH.SM.AR.ZS",NA,NA,NA,NA,NA,NA,NA,NA,NA,NA,NA,NA,NA,NA,NA,NA,NA,NA,NA,NA,NA,NA,NA,NA,NA,NA,NA,NA,NA,NA,NA,NA,6.95,NA,NA,12.65,13.01,13.2,15.39,15.48,13.27,13.13,14.65,NA,11.51,9.87,9.64,9.52,9.6,9.57,9.63,9.8,9.76,9.84,9.81,9.81,9.94,10.02,9.97,NA
"Uzbekistan","UZB","Tariff rate, applied, simple mean, all products (%)","TM.TAX.MRCH.SM.AR.ZS",NA,NA,NA,NA,NA,NA,NA,NA,NA,NA,NA,NA,NA,NA,NA,NA,NA,NA,NA,NA,NA,NA,NA,NA,NA,NA,NA,NA,NA,NA,NA,NA,NA,NA,NA,NA,NA,NA,NA,NA,NA,10.67,NA,NA,NA,NA,11.99,12.22,12.77,12.02,NA,NA,12.25,NA,12.34,13.66,NA,NA,NA,NA
"Vanuatu","VUT","Tariff rate, applied, simple mean, all products (%)","TM.TAX.MRCH.SM.AR.ZS",NA,NA,NA,NA,NA,NA,NA,NA,NA,NA,NA,NA,NA,NA,NA,NA,NA,NA,NA,NA,NA,NA,NA,NA,NA,NA,NA,NA,NA,NA,NA,NA,NA,NA,NA,NA,NA,NA,NA,NA,NA,NA,18.38,17.79,17.81,17.8,17.97,18.51,18.62,18.59,NA,NA,12.03,NA,NA,9.05,8.91,10.14,NA,NA
"Venezuela, RB","VEN","Tariff rate, applied, simple mean, all products (%)","TM.TAX.MRCH.SM.AR.ZS",NA,NA,NA,NA,NA,NA,NA,NA,NA,NA,NA,NA,NA,NA,NA,NA,NA,NA,NA,NA,NA,NA,NA,NA,NA,NA,NA,NA,NA,NA,NA,NA,17.13,NA,NA,12.8,NA,12.82,13,13.3,13.24,13.38,13.62,13.34,12.5,12.66,12.32,11.83,12.24,12.22,13.07,11.83,11.84,11.65,11.03,11.82,11.2,11.88,10.94,NA
"Vietnam","VNM","Tariff rate, applied, simple mean, all products (%)","TM.TAX.MRCH.SM.AR.ZS",NA,NA,NA,NA,NA,NA,NA,NA,NA,NA,NA,NA,NA,NA,NA,NA,NA,NA,NA,NA,NA,NA,NA,NA,NA,NA,NA,NA,NA,NA,NA,NA,NA,NA,10.14,NA,NA,NA,NA,12.33,NA,13.81,13.43,12.74,12.54,11.78,11.9,12.14,8.01,7.97,7.29,NA,7.12,6.7,6.63,6.18,6.4,6.51,6.65,NA
"Virgin Islands (U.S.)","VIR","Tariff rate, applied, simple mean, all products (%)","TM.TAX.MRCH.SM.AR.ZS",NA,NA,NA,NA,NA,NA,NA,NA,NA,NA,NA,NA,NA,NA,NA,NA,NA,NA,NA,NA,NA,NA,NA,NA,NA,NA,NA,NA,NA,NA,NA,NA,NA,NA,NA,NA,NA,NA,NA,NA,NA,NA,NA,NA,NA,NA,NA,NA,NA,NA,NA,NA,NA,NA,NA,NA,NA,NA,NA,NA
"West Bank and Gaza","PSE","Tariff rate, applied, simple mean, all products (%)","TM.TAX.MRCH.SM.AR.ZS",NA,NA,NA,NA,NA,NA,NA,NA,NA,NA,NA,NA,NA,NA,NA,NA,NA,NA,NA,NA,NA,NA,NA,NA,NA,NA,NA,NA,NA,NA,NA,NA,NA,NA,NA,NA,NA,NA,NA,NA,NA,NA,NA,NA,NA,NA,NA,NA,NA,NA,NA,NA,NA,NA,NA,NA,NA,NA,NA,NA
"Yemen, Rep.","YEM","Tariff rate, applied, simple mean, all products (%)","TM.TAX.MRCH.SM.AR.ZS",NA,NA,NA,NA,NA,NA,NA,NA,NA,NA,NA,NA,NA,NA,NA,NA,NA,NA,NA,NA,NA,NA,NA,NA,NA,NA,NA,NA,NA,NA,NA,NA,NA,NA,NA,NA,NA,NA,NA,NA,13.12,NA,NA,NA,NA,NA,6.79,NA,NA,5.48,NA,5.29,5.24,5.24,NA,5.52,5.47,5.76,NA,NA
"Zambia","ZMB","Tariff rate, applied, simple mean, all products (%)","TM.TAX.MRCH.SM.AR.ZS",NA,NA,NA,NA,NA,NA,NA,NA,NA,NA,NA,NA,NA,NA,NA,NA,NA,NA,NA,NA,NA,NA,NA,NA,NA,NA,NA,NA,NA,NA,NA,NA,NA,25.34,NA,NA,NA,15.39,NA,NA,NA,17.64,14.89,14.51,18.13,14.52,17.28,16.07,11.58,11.03,11.19,10.46,11.12,10.3,NA,10.64,14.72,NA,10.8,NA
"Zimbabwe","ZWE","Tariff rate, applied, simple mean, all products (%)","TM.TAX.MRCH.SM.AR.ZS",NA,NA,NA,NA,NA,NA,NA,NA,NA,NA,NA,NA,NA,NA,NA,NA,NA,NA,NA,NA,NA,NA,NA,NA,NA,NA,NA,NA,NA,NA,NA,NA,NA,NA,NA,NA,40.61,25.02,20.95,26.33,22.15,19.22,18.17,16.66,NA,NA,NA,18.68,NA,NA,16.97,11.92,17.47,NA,NA,13.29,9.56,NA,NA,NA
"Arab World","ARB","Tariff rate, applied, simple mean, all products (%)","TM.TAX.MRCH.SM.AR.ZS",NA,NA,NA,NA,NA,NA,NA,NA,NA,NA,NA,NA,NA,NA,NA,NA,NA,NA,NA,NA,NA,NA,NA,NA,NA,NA,NA,NA,NA,NA,NA,NA,NA,NA,NA,NA,NA,NA,NA,NA,NA,NA,NA,NA,NA,NA,NA,NA,NA,NA,NA,NA,NA,NA,NA,NA,NA,NA,NA,NA
"Caribbean small states","CSS","Tariff rate, applied, simple mean, all products (%)","TM.TAX.MRCH.SM.AR.ZS",NA,NA,NA,NA,NA,NA,NA,NA,NA,NA,NA,NA,NA,NA,NA,NA,NA,NA,NA,NA,NA,NA,NA,NA,NA,NA,NA,NA,NA,NA,NA,NA,NA,NA,NA,NA,NA,NA,NA,NA,NA,NA,NA,NA,NA,NA,NA,NA,NA,NA,NA,NA,NA,NA,NA,NA,NA,NA,NA,NA
"Central Europe and the Baltics","CEB","Tariff rate, applied, simple mean, all products (%)","TM.TAX.MRCH.SM.AR.ZS",NA,NA,NA,NA,NA,NA,NA,NA,NA,NA,NA,NA,NA,NA,NA,NA,NA,NA,NA,NA,NA,NA,NA,NA,NA,NA,NA,NA,NA,NA,NA,NA,NA,NA,NA,NA,NA,NA,NA,NA,NA,NA,NA,NA,NA,NA,NA,NA,NA,NA,NA,NA,NA,NA,NA,NA,NA,NA,NA,NA
"Early-demographic dividend","EAR","Tariff rate, applied, simple mean, all products (%)","TM.TAX.MRCH.SM.AR.ZS",NA,NA,NA,NA,NA,NA,NA,NA,NA,NA,NA,NA,NA,NA,NA,NA,NA,NA,NA,NA,NA,NA,NA,NA,NA,NA,NA,NA,NA,NA,NA,NA,NA,NA,NA,NA,NA,NA,NA,NA,NA,NA,NA,NA,NA,NA,NA,NA,NA,NA,NA,NA,NA,NA,NA,NA,NA,NA,NA,NA
"East Asia & Pacific","EAS","Tariff rate, applied, simple mean, all products (%)","TM.TAX.MRCH.SM.AR.ZS",NA,NA,NA,NA,NA,NA,NA,NA,NA,NA,NA,NA,NA,NA,NA,NA,NA,NA,NA,NA,NA,NA,NA,NA,NA,NA,NA,NA,13.11,16.21,13.85,19.23,15.67,19.46,19.31,10.24,8.02,8.19,7.12,9.3,7.25,7.18,6.3,6.7,6.51,5.98,6.02,5.92,5.91,5.68,5.57,5.64,4.96,5.33,4.44,4.87,5.16,4.53,NA,NA
"East Asia & Pacific (excluding high income)","EAP","Tariff rate, applied, simple mean, all products (%)","TM.TAX.MRCH.SM.AR.ZS",NA,NA,NA,NA,NA,NA,NA,NA,NA,NA,NA,NA,NA,NA,NA,NA,NA,NA,NA,NA,NA,NA,NA,NA,NA,NA,NA,NA,22.79,31.6,21.32,27.4,30.99,27.16,27.03,18.55,14.35,14.66,12.43,16.84,11.56,10.86,9.27,9.63,9.41,8.48,8.45,8.53,8.29,7.93,7.43,7.92,6.8,7.55,6.9,7.34,7.09,7.36,NA,NA
"East Asia & Pacific (IDA & IBRD countries)","TEA","Tariff rate, applied, simple mean, all products (%)","TM.TAX.MRCH.SM.AR.ZS",NA,NA,NA,NA,NA,NA,NA,NA,NA,NA,NA,NA,NA,NA,NA,NA,NA,NA,NA,NA,NA,NA,NA,NA,NA,NA,NA,NA,NA,NA,NA,NA,NA,NA,NA,NA,NA,NA,NA,NA,NA,NA,NA,NA,NA,NA,NA,NA,NA,NA,NA,NA,NA,NA,NA,NA,NA,NA,NA,NA
"Euro area","EMU","Tariff rate, applied, simple mean, all products (%)","TM.TAX.MRCH.SM.AR.ZS",NA,NA,NA,NA,NA,NA,NA,NA,NA,NA,NA,NA,NA,NA,NA,NA,NA,NA,NA,NA,NA,NA,NA,NA,NA,NA,NA,NA,NA,NA,NA,NA,NA,NA,NA,NA,NA,NA,NA,NA,NA,NA,NA,NA,NA,NA,NA,NA,NA,NA,NA,NA,NA,NA,NA,NA,NA,NA,NA,NA
"Europe & Central Asia","ECS","Tariff rate, applied, simple mean, all products (%)","TM.TAX.MRCH.SM.AR.ZS",NA,NA,NA,NA,NA,NA,NA,NA,NA,NA,NA,NA,NA,NA,NA,NA,NA,NA,NA,NA,NA,NA,NA,NA,NA,NA,NA,NA,4.4,5.36,10.15,11.94,11.46,6.7,11.11,8.11,7.46,7.91,5.79,5.64,5.71,6.59,6.33,4.6,5.28,6.14,4.67,5.22,4.9,4.71,4.24,4.44,4.86,4.78,5,4.2,3.96,3.77,NA,NA
"Europe & Central Asia (excluding high income)","ECA","Tariff rate, applied, simple mean, all products (%)","TM.TAX.MRCH.SM.AR.ZS",NA,NA,NA,NA,NA,NA,NA,NA,NA,NA,NA,NA,NA,NA,NA,NA,NA,NA,NA,NA,NA,NA,NA,NA,NA,NA,NA,NA,NA,NA,NA,19.08,NA,8.01,11.11,6.74,8.58,9.38,6.43,8.19,7.76,8.13,8.12,4.93,6.38,7.3,4.97,6.26,5.75,5.42,4.71,4.78,5.34,5.5,5.5,4.22,3.94,3.57,NA,NA
"Europe & Central Asia (IDA & IBRD countries)","TEC","Tariff rate, applied, simple mean, all products (%)","TM.TAX.MRCH.SM.AR.ZS",NA,NA,NA,NA,NA,NA,NA,NA,NA,NA,NA,NA,NA,NA,NA,NA,NA,NA,NA,NA,NA,NA,NA,NA,NA,NA,NA,NA,NA,NA,NA,NA,NA,NA,NA,NA,NA,NA,NA,NA,NA,NA,NA,NA,NA,NA,NA,NA,NA,NA,NA,NA,NA,NA,NA,NA,NA,NA,NA,NA
"European Union","EUU","Tariff rate, applied, simple mean, all products (%)","TM.TAX.MRCH.SM.AR.ZS",NA,NA,NA,NA,NA,NA,NA,NA,NA,NA,NA,NA,NA,NA,NA,NA,NA,NA,NA,NA,NA,NA,NA,NA,NA,NA,NA,NA,3.14,3.49,6.01,4.71,3.88,3.54,4.21,5.73,4.22,3.47,3.9,4.31,3.17,4.22,2.45,2.43,2.5,2.54,2.58,2.36,2.18,2.24,2.47,2.12,2.13,2.09,2.58,2.61,2.48,2.35,2.35,NA
"Fragile and conflict affected situations","FCS","Tariff rate, applied, simple mean, all products (%)","TM.TAX.MRCH.SM.AR.ZS",NA,NA,NA,NA,NA,NA,NA,NA,NA,NA,NA,NA,NA,NA,NA,NA,NA,NA,NA,NA,NA,NA,NA,NA,NA,NA,NA,NA,NA,NA,NA,NA,NA,NA,NA,NA,NA,NA,NA,NA,NA,NA,NA,NA,NA,NA,NA,NA,NA,NA,NA,NA,NA,NA,NA,NA,NA,NA,NA,NA
"Heavily indebted poor countries (HIPC)","HPC","Tariff rate, applied, simple mean, all products (%)","TM.TAX.MRCH.SM.AR.ZS",NA,NA,NA,NA,NA,NA,NA,NA,NA,NA,NA,NA,NA,NA,NA,NA,NA,NA,NA,NA,NA,NA,NA,NA,NA,NA,NA,NA,NA,NA,NA,NA,NA,NA,NA,NA,NA,NA,NA,NA,NA,NA,NA,NA,NA,NA,NA,NA,NA,NA,NA,NA,NA,NA,NA,NA,NA,NA,NA,NA
"High income","HIC","Tariff rate, applied, simple mean, all products (%)","TM.TAX.MRCH.SM.AR.ZS",NA,NA,NA,NA,NA,NA,NA,NA,NA,NA,NA,NA,NA,NA,NA,NA,NA,NA,NA,NA,NA,NA,NA,NA,NA,NA,NA,NA,5.27,6.62,8.37,10.3,8.92,7.42,8.87,7.2,6.75,6.26,6.03,6.67,6.47,6.44,5.69,5.24,5.08,4.68,4.85,4.58,4.39,4.42,4.81,4.85,4.45,4.51,4.02,4.1,4.53,3.85,NA,NA
"IBRD only","IBD","Tariff rate, applied, simple mean, all products (%)","TM.TAX.MRCH.SM.AR.ZS",NA,NA,NA,NA,NA,NA,NA,NA,NA,NA,NA,NA,NA,NA,NA,NA,NA,NA,NA,NA,NA,NA,NA,NA,NA,NA,NA,NA,NA,NA,NA,NA,NA,NA,NA,NA,NA,NA,NA,NA,NA,NA,NA,NA,NA,NA,NA,NA,NA,NA,NA,NA,NA,NA,NA,NA,NA,NA,NA,NA
"IDA & IBRD total","IBT","Tariff rate, applied, simple mean, all products (%)","TM.TAX.MRCH.SM.AR.ZS",NA,NA,NA,NA,NA,NA,NA,NA,NA,NA,NA,NA,NA,NA,NA,NA,NA,NA,NA,NA,NA,NA,NA,NA,NA,NA,NA,NA,NA,NA,NA,NA,NA,NA,NA,NA,NA,NA,NA,NA,NA,NA,NA,NA,NA,NA,NA,NA,NA,NA,NA,NA,NA,NA,NA,NA,NA,NA,NA,NA
"IDA blend","IDB","Tariff rate, applied, simple mean, all products (%)","TM.TAX.MRCH.SM.AR.ZS",NA,NA,NA,NA,NA,NA,NA,NA,NA,NA,NA,NA,NA,NA,NA,NA,NA,NA,NA,NA,NA,NA,NA,NA,NA,NA,NA,NA,NA,NA,NA,NA,NA,NA,NA,NA,NA,NA,NA,NA,NA,NA,NA,NA,NA,NA,NA,NA,NA,NA,NA,NA,NA,NA,NA,NA,NA,NA,NA,NA
"IDA only","IDX","Tariff rate, applied, simple mean, all products (%)","TM.TAX.MRCH.SM.AR.ZS",NA,NA,NA,NA,NA,NA,NA,NA,NA,NA,NA,NA,NA,NA,NA,NA,NA,NA,NA,NA,NA,NA,NA,NA,NA,NA,NA,NA,NA,NA,NA,NA,NA,NA,NA,NA,NA,NA,NA,NA,NA,NA,NA,NA,NA,NA,NA,NA,NA,NA,NA,NA,NA,NA,NA,NA,NA,NA,NA,NA
"IDA total","IDA","Tariff rate, applied, simple mean, all products (%)","TM.TAX.MRCH.SM.AR.ZS",NA,NA,NA,NA,NA,NA,NA,NA,NA,NA,NA,NA,NA,NA,NA,NA,NA,NA,NA,NA,NA,NA,NA,NA,NA,NA,NA,NA,NA,NA,NA,NA,NA,NA,NA,NA,NA,NA,NA,NA,NA,NA,NA,NA,NA,NA,NA,NA,NA,NA,NA,NA,NA,NA,NA,NA,NA,NA,NA,NA
"Late-demographic dividend","LTE","Tariff rate, applied, simple mean, all products (%)","TM.TAX.MRCH.SM.AR.ZS",NA,NA,NA,NA,NA,NA,NA,NA,NA,NA,NA,NA,NA,NA,NA,NA,NA,NA,NA,NA,NA,NA,NA,NA,NA,NA,NA,NA,NA,NA,NA,NA,NA,NA,NA,NA,NA,NA,NA,NA,NA,NA,NA,NA,NA,NA,NA,NA,NA,NA,NA,NA,NA,NA,NA,NA,NA,NA,NA,NA
"Latin America & Caribbean","LCN","Tariff rate, applied, simple mean, all products (%)","TM.TAX.MRCH.SM.AR.ZS",NA,NA,NA,NA,NA,NA,NA,NA,NA,NA,NA,NA,NA,NA,NA,NA,NA,NA,NA,NA,NA,NA,NA,NA,NA,NA,NA,NA,NA,42.92,33.5,16.78,14.66,13.37,11.86,11.96,13.29,12.27,12.23,13.12,12.71,11.77,11.44,11.19,9.66,9.34,8.98,8.55,8,7.84,8.87,8.39,8.07,8.33,7.35,7.71,8.9,6.98,NA,NA
"Latin America & Caribbean (excluding high income)","LAC","Tariff rate, applied, simple mean, all products (%)","TM.TAX.MRCH.SM.AR.ZS",NA,NA,NA,NA,NA,NA,NA,NA,NA,NA,NA,NA,NA,NA,NA,NA,NA,NA,NA,NA,NA,NA,NA,NA,NA,NA,NA,NA,NA,42.92,33.5,16.55,14.36,13.37,11.86,11.96,13.11,12.27,12.23,12.61,12.52,11.65,11.09,11.03,9.43,9.31,8.56,8.33,7.93,7.78,8.42,7.87,7.86,7.97,6.98,7.4,8.42,6.86,NA,NA
"Latin America & the Caribbean (IDA & IBRD countries)","TLA","Tariff rate, applied, simple mean, all products (%)","TM.TAX.MRCH.SM.AR.ZS",NA,NA,NA,NA,NA,NA,NA,NA,NA,NA,NA,NA,NA,NA,NA,NA,NA,NA,NA,NA,NA,NA,NA,NA,NA,NA,NA,NA,NA,NA,NA,NA,NA,NA,NA,NA,NA,NA,NA,NA,NA,NA,NA,NA,NA,NA,NA,NA,NA,NA,NA,NA,NA,NA,NA,NA,NA,NA,NA,NA
"Least developed countries: UN classification","LDC","Tariff rate, applied, simple mean, all products (%)","TM.TAX.MRCH.SM.AR.ZS",NA,NA,NA,NA,NA,NA,NA,NA,NA,NA,NA,NA,NA,NA,NA,NA,NA,NA,NA,NA,NA,NA,NA,NA,NA,NA,NA,NA,NA,NA,NA,NA,NA,NA,NA,NA,NA,NA,NA,NA,NA,NA,NA,NA,NA,NA,NA,NA,NA,NA,NA,NA,NA,NA,NA,NA,NA,NA,NA,NA
"Low & middle income","LMY","Tariff rate, applied, simple mean, all products (%)","TM.TAX.MRCH.SM.AR.ZS",NA,NA,NA,NA,NA,NA,NA,NA,NA,NA,NA,NA,NA,NA,NA,NA,NA,NA,NA,NA,NA,NA,NA,NA,NA,NA,NA,NA,27.57,33.85,33.33,NA,32.31,23.36,28.38,22.36,14.35,16.48,17.5,17.35,17.05,15.31,16.62,14.5,13.24,11.45,10.87,9.97,9.5,9.49,9.36,9.33,8.36,8.17,8.74,7.61,8.27,6.84,NA,NA
"Low income","LIC","Tariff rate, applied, simple mean, all products (%)","TM.TAX.MRCH.SM.AR.ZS",NA,NA,NA,NA,NA,NA,NA,NA,NA,NA,NA,NA,NA,NA,NA,NA,NA,NA,NA,NA,NA,NA,NA,NA,NA,NA,NA,NA,NA,NA,NA,NA,NA,18.05,21.78,15.2,24.03,20.18,17.13,20.09,13.41,12.94,13.68,12.88,11.07,13.87,13.18,13.08,13.37,12.14,12.78,12.32,12.16,11.55,11.16,12.09,10.87,10.96,NA,NA
"Lower middle income","LMC","Tariff rate, applied, simple mean, all products (%)","TM.TAX.MRCH.SM.AR.ZS",NA,NA,NA,NA,NA,NA,NA,NA,NA,NA,NA,NA,NA,NA,NA,NA,NA,NA,NA,NA,NA,NA,NA,NA,NA,NA,NA,NA,NA,NA,NA,NA,NA,NA,NA,NA,NA,NA,NA,NA,NA,NA,NA,NA,NA,NA,NA,NA,NA,NA,NA,NA,NA,NA,NA,NA,NA,NA,NA,NA
"Middle East & North Africa","MEA","Tariff rate, applied, simple mean, all products (%)","TM.TAX.MRCH.SM.AR.ZS",NA,NA,NA,NA,NA,NA,NA,NA,NA,NA,NA,NA,NA,NA,NA,NA,NA,NA,NA,NA,NA,NA,NA,NA,NA,NA,NA,NA,NA,NA,28.07,NA,21.31,30.15,12.32,27.19,26.57,15.47,25.03,15.23,18.61,15.06,15.52,12.47,9.49,8.17,8.84,7.25,9.37,8.37,9.94,8.32,6.2,5.46,5.03,5.11,5.28,5.05,NA,NA
"Middle East & North Africa (excluding high income)","MNA","Tariff rate, applied, simple mean, all products (%)","TM.TAX.MRCH.SM.AR.ZS",NA,NA,NA,NA,NA,NA,NA,NA,NA,NA,NA,NA,NA,NA,NA,NA,NA,NA,NA,NA,NA,NA,NA,NA,NA,NA,NA,NA,NA,NA,28.07,NA,28.46,44.42,NA,27.19,26.57,22.4,25.03,21.07,25.23,20.64,25.18,22.23,16.74,14.53,13.67,13.09,15.33,12.6,14.15,13.82,9.88,9,7.42,7.15,7.52,7.36,NA,NA
"Middle East & North Africa (IDA & IBRD countries)","TMN","Tariff rate, applied, simple mean, all products (%)","TM.TAX.MRCH.SM.AR.ZS",NA,NA,NA,NA,NA,NA,NA,NA,NA,NA,NA,NA,NA,NA,NA,NA,NA,NA,NA,NA,NA,NA,NA,NA,NA,NA,NA,NA,NA,NA,NA,NA,NA,NA,NA,NA,NA,NA,NA,NA,NA,NA,NA,NA,NA,NA,NA,NA,NA,NA,NA,NA,NA,NA,NA,NA,NA,NA,NA,NA
"Middle income","MIC","Tariff rate, applied, simple mean, all products (%)","TM.TAX.MRCH.SM.AR.ZS",NA,NA,NA,NA,NA,NA,NA,NA,NA,NA,NA,NA,NA,NA,NA,NA,NA,NA,NA,NA,NA,NA,NA,NA,NA,NA,NA,NA,NA,NA,NA,NA,NA,NA,NA,NA,NA,NA,NA,NA,NA,NA,NA,NA,NA,NA,NA,NA,NA,NA,NA,NA,NA,NA,NA,NA,NA,NA,NA,NA
"North America","NAC","Tariff rate, applied, simple mean, all products (%)","TM.TAX.MRCH.SM.AR.ZS",NA,NA,NA,NA,NA,NA,NA,NA,NA,NA,NA,NA,NA,NA,NA,NA,NA,NA,NA,NA,NA,NA,NA,NA,NA,NA,NA,NA,NA,NA,NA,NA,NA,NA,NA,NA,NA,NA,NA,NA,NA,NA,NA,NA,NA,NA,NA,NA,NA,NA,NA,NA,NA,NA,NA,NA,NA,NA,NA,NA
"Not classified","INX","Tariff rate, applied, simple mean, all products (%)","TM.TAX.MRCH.SM.AR.ZS",NA,NA,NA,NA,NA,NA,NA,NA,NA,NA,NA,NA,NA,NA,NA,NA,NA,NA,NA,NA,NA,NA,NA,NA,NA,NA,NA,NA,NA,NA,NA,NA,NA,NA,NA,NA,NA,NA,NA,NA,NA,NA,NA,NA,NA,NA,NA,NA,NA,NA,NA,NA,NA,NA,NA,NA,NA,NA,NA,NA
"OECD members","OED","Tariff rate, applied, simple mean, all products (%)","TM.TAX.MRCH.SM.AR.ZS",NA,NA,NA,NA,NA,NA,NA,NA,NA,NA,NA,NA,NA,NA,NA,NA,NA,NA,NA,NA,NA,NA,NA,NA,NA,NA,NA,NA,NA,NA,NA,NA,NA,NA,NA,NA,NA,NA,NA,NA,NA,NA,NA,NA,NA,NA,NA,NA,NA,NA,NA,NA,NA,NA,NA,NA,NA,NA,NA,NA
"Other small states","OSS","Tariff rate, applied, simple mean, all products (%)","TM.TAX.MRCH.SM.AR.ZS",NA,NA,NA,NA,NA,NA,NA,NA,NA,NA,NA,NA,NA,NA,NA,NA,NA,NA,NA,NA,NA,NA,NA,NA,NA,NA,NA,NA,NA,NA,NA,NA,NA,NA,NA,NA,NA,NA,NA,NA,NA,NA,NA,NA,NA,NA,NA,NA,NA,NA,NA,NA,NA,NA,NA,NA,NA,NA,NA,NA
"Pacific island small states","PSS","Tariff rate, applied, simple mean, all products (%)","TM.TAX.MRCH.SM.AR.ZS",NA,NA,NA,NA,NA,NA,NA,NA,NA,NA,NA,NA,NA,NA,NA,NA,NA,NA,NA,NA,NA,NA,NA,NA,NA,NA,NA,NA,NA,NA,NA,NA,NA,NA,NA,NA,NA,NA,NA,NA,NA,NA,NA,NA,NA,NA,NA,NA,NA,NA,NA,NA,NA,NA,NA,NA,NA,NA,NA,NA
"Post-demographic dividend","PST","Tariff rate, applied, simple mean, all products (%)","TM.TAX.MRCH.SM.AR.ZS",NA,NA,NA,NA,NA,NA,NA,NA,NA,NA,NA,NA,NA,NA,NA,NA,NA,NA,NA,NA,NA,NA,NA,NA,NA,NA,NA,NA,NA,NA,NA,NA,NA,NA,NA,NA,NA,NA,NA,NA,NA,NA,NA,NA,NA,NA,NA,NA,NA,NA,NA,NA,NA,NA,NA,NA,NA,NA,NA,NA
"Pre-demographic dividend","PRE","Tariff rate, applied, simple mean, all products (%)","TM.TAX.MRCH.SM.AR.ZS",NA,NA,NA,NA,NA,NA,NA,NA,NA,NA,NA,NA,NA,NA,NA,NA,NA,NA,NA,NA,NA,NA,NA,NA,NA,NA,NA,NA,NA,NA,NA,NA,NA,NA,NA,NA,NA,NA,NA,NA,NA,NA,NA,NA,NA,NA,NA,NA,NA,NA,NA,NA,NA,NA,NA,NA,NA,NA,NA,NA
"Small states","SST","Tariff rate, applied, simple mean, all products (%)","TM.TAX.MRCH.SM.AR.ZS",NA,NA,NA,NA,NA,NA,NA,NA,NA,NA,NA,NA,NA,NA,NA,NA,NA,NA,NA,NA,NA,NA,NA,NA,NA,NA,NA,NA,NA,NA,NA,NA,NA,NA,NA,NA,NA,NA,NA,NA,NA,NA,NA,NA,NA,NA,NA,NA,NA,NA,NA,NA,NA,NA,NA,NA,NA,NA,NA,NA
"South Asia","SAS","Tariff rate, applied, simple mean, all products (%)","TM.TAX.MRCH.SM.AR.ZS",NA,NA,NA,NA,NA,NA,NA,NA,NA,NA,NA,NA,NA,NA,NA,NA,NA,NA,NA,NA,NA,NA,NA,NA,NA,NA,NA,NA,NA,105.36,55.04,NA,56.02,23.09,46.9,50.26,36.32,25.24,27.56,26.33,22.94,21.94,22.85,18.98,19.82,15.62,14.44,13.8,12.6,13,12.34,12.93,11.4,11.64,11.48,10.73,11.16,9.62,NA,NA
"South Asia (IDA & IBRD)","TSA","Tariff rate, applied, simple mean, all products (%)","TM.TAX.MRCH.SM.AR.ZS",NA,NA,NA,NA,NA,NA,NA,NA,NA,NA,NA,NA,NA,NA,NA,NA,NA,NA,NA,NA,NA,NA,NA,NA,NA,NA,NA,NA,NA,NA,NA,NA,NA,NA,NA,NA,NA,NA,NA,NA,NA,NA,NA,NA,NA,NA,NA,NA,NA,NA,NA,NA,NA,NA,NA,NA,NA,NA,NA,NA
"Sub-Saharan Africa","SSF","Tariff rate, applied, simple mean, all products (%)","TM.TAX.MRCH.SM.AR.ZS",NA,NA,NA,NA,NA,NA,NA,NA,NA,NA,NA,NA,NA,NA,NA,NA,NA,NA,NA,NA,NA,NA,NA,NA,NA,NA,NA,NA,19.97,27.83,16.47,11.33,28.13,15.51,23.41,30.57,19.42,18.88,20.33,18.63,15.7,14.93,14.44,13.53,12.86,12.27,11.89,11.97,11.83,11.51,11.61,11.46,11.5,10.76,10.39,10.39,9.99,7.76,NA,NA
"Sub-Saharan Africa (excluding high income)","SSA","Tariff rate, applied, simple mean, all products (%)","TM.TAX.MRCH.SM.AR.ZS",NA,NA,NA,NA,NA,NA,NA,NA,NA,NA,NA,NA,NA,NA,NA,NA,NA,NA,NA,NA,NA,NA,NA,NA,NA,NA,NA,NA,19.97,27.83,16.47,11.33,28.13,15.51,23.41,30.57,19.42,18.88,20.35,18.63,15.7,14.9,14.4,13.52,12.86,12.2,11.91,11.93,11.85,11.54,11.62,11.46,11.5,10.76,10.43,10.39,9.99,7.76,NA,NA
"Sub-Saharan Africa (IDA & IBRD countries)","TSS","Tariff rate, applied, simple mean, all products (%)","TM.TAX.MRCH.SM.AR.ZS",NA,NA,NA,NA,NA,NA,NA,NA,NA,NA,NA,NA,NA,NA,NA,NA,NA,NA,NA,NA,NA,NA,NA,NA,NA,NA,NA,NA,NA,NA,NA,NA,NA,NA,NA,NA,NA,NA,NA,NA,NA,NA,NA,NA,NA,NA,NA,NA,NA,NA,NA,NA,NA,NA,NA,NA,NA,NA,NA,NA
"Upper middle income","UMC","Tariff rate, applied, simple mean, all products (%)","TM.TAX.MRCH.SM.AR.ZS",NA,NA,NA,NA,NA,NA,NA,NA,NA,NA,NA,NA,NA,NA,NA,NA,NA,NA,NA,NA,NA,NA,NA,NA,NA,NA,NA,NA,17.32,41.88,19.8,19.81,25.91,19.14,17.19,14.79,14.45,13.46,13.56,14.86,14.11,11.99,11.61,11.46,10.28,9.73,8.47,8.8,8.65,8.18,8.01,8.09,7.76,7.7,6.49,7.02,6.97,6.19,NA,NA
"World","WLD","Tariff rate, applied, simple mean, all products (%)","TM.TAX.MRCH.SM.AR.ZS",NA,NA,NA,NA,NA,NA,NA,NA,NA,NA,NA,NA,NA,NA,NA,NA,NA,NA,NA,NA,NA,NA,NA,NA,NA,NA,NA,NA,8.88,13.76,15.02,13.07,14.11,13.36,15.58,12.24,10.13,10.31,10.18,10.77,10.76,10.05,9.77,9.06,8.46,8.09,7.85,7.49,7.54,7.28,7.48,7.31,6.89,6.78,6.15,6.17,6.38,5.17,NA,NA
NA,NA,NA,NA,NA,NA,NA,NA,NA,NA,NA,NA,NA,NA,NA,NA,NA,NA,NA,NA,NA,NA,NA,NA,NA,NA,NA,NA,NA,NA,NA,NA,NA,NA,NA,NA,NA,NA,NA,NA,NA,NA,NA,NA,NA,NA,NA,NA,NA,NA,NA,NA,NA,NA,NA,NA,NA,NA,NA,NA,NA,NA,NA,NA
NA,NA,NA,NA,NA,NA,NA,NA,NA,NA,NA,NA,NA,NA,NA,NA,NA,NA,NA,NA,NA,NA,NA,NA,NA,NA,NA,NA,NA,NA,NA,NA,NA,NA,NA,NA,NA,NA,NA,NA,NA,NA,NA,NA,NA,NA,NA,NA,NA,NA,NA,NA,NA,NA,NA,NA,NA,NA,NA,NA,NA,NA,NA,NA
NA,NA,NA,NA,NA,NA,NA,NA,NA,NA,NA,NA,NA,NA,NA,NA,NA,NA,NA,NA,NA,NA,NA,NA,NA,NA,NA,NA,NA,NA,NA,NA,NA,NA,NA,NA,NA,NA,NA,NA,NA,NA,NA,NA,NA,NA,NA,NA,NA,NA,NA,NA,NA,NA,NA,NA,NA,NA,NA,NA,NA,NA,NA,NA
"Data from database: World Development Indicators",NA,NA,NA,NA,NA,NA,NA,NA,NA,NA,NA,NA,NA,NA,NA,NA,NA,NA,NA,NA,NA,NA,NA,NA,NA,NA,NA,NA,NA,NA,NA,NA,NA,NA,NA,NA,NA,NA,NA,NA,NA,NA,NA,NA,NA,NA,NA,NA,NA,NA,NA,NA,NA,NA,NA,NA,NA,NA,NA,NA,NA,NA,NA
"Last Updated: 07/01/2020",NA,NA,NA,NA,NA,NA,NA,NA,NA,NA,NA,NA,NA,NA,NA,NA,NA,NA,NA,NA,NA,NA,NA,NA,NA,NA,NA,NA,NA,NA,NA,NA,NA,NA,NA,NA,NA,NA,NA,NA,NA,NA,NA,NA,NA,NA,NA,NA,NA,NA,NA,NA,NA,NA,NA,NA,NA,NA,NA,NA,NA,NA,NA
